LEFT_SHOULDER_x,LEFT_SHOULDER_y,LEFT_SHOULDER_z,LEFT_SHOULDER_visibility,RIGHT_SHOULDER_x,RIGHT_SHOULDER_y,RIGHT_SHOULDER_z,RIGHT_SHOULDER_visibility,LEFT_ELBOW_x,LEFT_ELBOW_y,LEFT_ELBOW_z,LEFT_ELBOW_visibility,RIGHT_ELBOW_x,RIGHT_ELBOW_y,RIGHT_ELBOW_z,RIGHT_ELBOW_visibility,LEFT_WRIST_x,LEFT_WRIST_y,LEFT_WRIST_z,LEFT_WRIST_visibility,RIGHT_WRIST_x,RIGHT_WRIST_y,RIGHT_WRIST_z,RIGHT_WRIST_visibility,LEFT_HIP_x,LEFT_HIP_y,LEFT_HIP_z,LEFT_HIP_visibility,RIGHT_HIP_x,RIGHT_HIP_y,RIGHT_HIP_z,RIGHT_HIP_visibility,LEFT_KNEE_x,LEFT_KNEE_y,LEFT_KNEE_z,LEFT_KNEE_visibility,RIGHT_KNEE_x,RIGHT_KNEE_y,RIGHT_KNEE_z,RIGHT_KNEE_visibility,LEFT_ANKLE_x,LEFT_ANKLE_y,LEFT_ANKLE_z,LEFT_ANKLE_visibility,RIGHT_ANKLE_x,RIGHT_ANKLE_y,RIGHT_ANKLE_z,RIGHT_ANKLE_visibility
0.34431999921798706,0.6552143096923828,-0.16301517188549042,0.9996041655540466,0.3101937770843506,0.6923565864562988,-0.04589628428220749,0.9923397302627563,0.3957132399082184,0.6878639459609985,-0.16351541876792908,0.8611476421356201,0.34641847014427185,0.7293320894241333,-0.00787716917693615,0.04600441828370094,0.41234320402145386,0.723574161529541,-0.19572362303733826,0.6318098902702332,0.35535115003585815,0.7247950434684753,-0.04741993546485901,0.1256822645664215,0.40072283148765564,0.744247555732727,-0.03971473500132561,0.9986593723297119,0.38142910599708557,0.7558711767196655,0.03958247974514961,0.9951860308647156,0.438509076833725,0.7407817840576172,0.011506413109600544,0.2271992713212967,0.4209291338920593,0.7432820200920105,0.12070486694574356,0.06301223486661911,0.4796033203601837,0.7635975480079651,0.1457805633544922,0.20449130237102509,0.4650646150112152,0.767395555973053,0.2602287232875824,0.06659913808107376
0.389210969209671,0.6382708549499512,-0.27141568064689636,0.9996412992477417,0.31721219420433044,0.6645306348800659,-0.24109141528606415,0.9931017756462097,0.4144499599933624,0.6940708160400391,-0.2879292070865631,0.8653258085250854,0.3182421326637268,0.7163781523704529,-0.2511695921421051,0.13348014652729034,0.41820311546325684,0.7298083901405334,-0.3669830858707428,0.6541840434074402,0.33934590220451355,0.7434496283531189,-0.33929961919784546,0.20428317785263062,0.4076598584651947,0.7040520906448364,-0.015307012014091015,0.9987872242927551,0.3676510453224182,0.7129212021827698,0.015306620858609676,0.9956513047218323,0.4166851341724396,0.6931629180908203,-0.1738402545452118,0.27933385968208313,0.32198768854141235,0.7095257639884949,-0.05801139026880264,0.1081184521317482,0.39420634508132935,0.7201014757156372,0.006741404999047518,0.22930027544498444,0.32774606347084045,0.7246217727661133,0.06678998470306396,0.10000178962945938
0.38582587242126465,0.6365812420845032,-0.21181054413318634,0.9996678829193115,0.31735968589782715,0.6606501340866089,-0.1879836469888687,0.993778645992279,0.40897461771965027,0.68125981092453,-0.21605728566646576,0.8757818937301636,0.31708547472953796,0.7075030207633972,-0.18266595900058746,0.2176678478717804,0.3998999297618866,0.7281392216682434,-0.26960518956184387,0.6836745738983154,0.32846423983573914,0.7414385080337524,-0.24521304666996002,0.2798890769481659,0.40758657455444336,0.7034676671028137,-0.01063066441565752,0.9988834261894226,0.37204423546791077,0.7166664004325867,0.010470444336533546,0.9960572719573975,0.42221641540527344,0.6987124681472778,-0.049321699887514114,0.3060193657875061,0.3582625985145569,0.7290654182434082,-0.04271566495299339,0.15313616394996643,0.4266667664051056,0.7341195940971375,0.10076849162578583,0.25516408681869507,0.4011676609516144,0.7355988621711731,0.10930167138576508,0.12790215015411377
0.38525718450546265,0.6300736665725708,-0.21286766231060028,0.999692440032959,0.31736689805984497,0.6562322974205017,-0.1706395298242569,0.9943764805793762,0.4041805863380432,0.6782361268997192,-0.22305454313755035,0.883265495300293,0.3171573579311371,0.7038194537162781,-0.1603304147720337,0.28939732909202576,0.39767077565193176,0.7253144383430481,-0.27878811955451965,0.7067610025405884,0.32236161828041077,0.7413831353187561,-0.2185756415128708,0.3419851064682007,0.4080581068992615,0.7009565234184265,-0.01346623431891203,0.9989758133888245,0.3743932545185089,0.7163336873054504,0.01328221894800663,0.9964122772216797,0.4283888041973114,0.7039245963096619,-0.11555733531713486,0.33623263239860535,0.36328762769699097,0.7359777092933655,-0.04310892894864082,0.18103787302970886,0.42403939366340637,0.7343811392784119,0.05810598284006119,0.26231828331947327,0.4067521393299103,0.7331758141517639,0.10796716064214706,0.13544988632202148
0.38343364000320435,0.6263102293014526,-0.21126316487789154,0.9997137188911438,0.3175468444824219,0.6535600423812866,-0.16642193496227264,0.9949206113815308,0.40227439999580383,0.6759716272354126,-0.2257254421710968,0.890554666519165,0.31917306780815125,0.7007624506950378,-0.15844154357910156,0.35337790846824646,0.39528393745422363,0.7234812378883362,-0.2787678837776184,0.7274899482727051,0.32409733533859253,0.7397293448448181,-0.21053339540958405,0.39811864495277405,0.4080543518066406,0.6987627744674683,-0.015378768555819988,0.9990615844726562,0.3738216757774353,0.7135988473892212,0.015180299058556557,0.9967387318611145,0.4268282353878021,0.7029911875724792,-0.1344570815563202,0.37458404898643494,0.35182514786720276,0.7342062592506409,-0.061427533626556396,0.21235887706279755,0.42221254110336304,0.731623649597168,0.04398072138428688,0.277485191822052,0.3867659568786621,0.7336861491203308,0.10046921670436859,0.1478872150182724
0.3830595016479492,0.6271054148674011,-0.24424366652965546,0.9997403621673584,0.31811389327049255,0.6539527773857117,-0.20512883365154266,0.9954214096069336,0.4020678699016571,0.6762811541557312,-0.261126846075058,0.8989801406860352,0.31966572999954224,0.7003191113471985,-0.18131162226200104,0.41442370414733887,0.39572736620903015,0.7233811020851135,-0.3232865333557129,0.7510954141616821,0.3254569470882416,0.7410436272621155,-0.2569938898086548,0.45239898562431335,0.40642017126083374,0.6912687420845032,-0.014297003857791424,0.9991503357887268,0.37096258997917175,0.7055559158325195,0.014134491793811321,0.9970549941062927,0.42799654603004456,0.7051016688346863,-0.14830239117145538,0.4186617434024811,0.3467414975166321,0.7351140379905701,-0.09258610010147095,0.26169413328170776,0.42652902007102966,0.7307130694389343,0.05550157278776169,0.30162715911865234,0.38306713104248047,0.7331255078315735,0.09410250931978226,0.17114469408988953
0.38202422857284546,0.6273822784423828,-0.29070669412612915,0.9997645020484924,0.3182195723056793,0.6525554060935974,-0.235934779047966,0.9958744645118713,0.4016231894493103,0.6769260168075562,-0.3102668821811676,0.9073256254196167,0.31964096426963806,0.695277214050293,-0.21162627637386322,0.46885785460472107,0.39613765478134155,0.7234591841697693,-0.3721837103366852,0.7739956378936768,0.32334408164024353,0.7400585412979126,-0.26777976751327515,0.5018196702003479,0.40476638078689575,0.6857542991638184,-0.013150499202311039,0.9992321133613586,0.3695733845233917,0.7007365226745605,0.01301073469221592,0.9973454475402832,0.43110743165016174,0.7040331959724426,-0.14013434946537018,0.4577264189720154,0.34485262632369995,0.7334430813789368,-0.1150633692741394,0.3198073208332062,0.4266042709350586,0.7182601690292358,0.07552755624055862,0.32271403074264526,0.3941616117954254,0.7162814736366272,0.05060586333274841,0.19988225400447845
0.38121742010116577,0.6281450390815735,-0.3070001006126404,0.9997862577438354,0.3182227909564972,0.6531218886375427,-0.2622416615486145,0.9962799549102783,0.4022049009799957,0.675324022769928,-0.33103224635124207,0.9150777459144592,0.31930217146873474,0.6968578696250916,-0.25135624408721924,0.5177151560783386,0.39608094096183777,0.7235484719276428,-0.39181965589523315,0.7945173978805542,0.32259294390678406,0.7408398389816284,-0.3003453314304352,0.5459600687026978,0.4016842842102051,0.6845248937606812,-0.011720762588083744,0.999305248260498,0.36759600043296814,0.6988224387168884,0.011599968187510967,0.997600793838501,0.43007081747055054,0.6965618133544922,-0.1251528263092041,0.4960722029209137,0.34802743792533875,0.731732189655304,-0.09227032214403152,0.3607976734638214,0.43219706416130066,0.7170030474662781,0.07166212797164917,0.3605804145336151,0.3878927528858185,0.7159847021102905,0.11921202391386032,0.21635769307613373
0.3815695643424988,0.6283666491508484,-0.31857985258102417,0.9998043775558472,0.31813284754753113,0.653786301612854,-0.2812187075614929,0.9966332912445068,0.4028075337409973,0.67570561170578,-0.33768996596336365,0.9210485816001892,0.31926900148391724,0.6984457969665527,-0.2739768326282501,0.560070276260376,0.3957851529121399,0.7237467169761658,-0.39278143644332886,0.8123924136161804,0.32253143191337585,0.7450485825538635,-0.3163599967956543,0.5846912264823914,0.4001551568508148,0.68325275182724,-0.011880671605467796,0.9993706345558167,0.3657473623752594,0.695541501045227,0.011762651614844799,0.9978183507919312,0.4294748604297638,0.694497287273407,-0.03502251207828522,0.5178918838500977,0.34732869267463684,0.7280474901199341,0.057473547756671906,0.36217162013053894,0.43460899591445923,0.7154077291488647,0.16591677069664001,0.38632732629776,0.37682417035102844,0.717405378818512,0.27940356731414795,0.21606124937534332
0.38156986236572266,0.6285470724105835,-0.3146726191043854,0.9998217821121216,0.3172147870063782,0.6541633605957031,-0.2904227375984192,0.99693763256073,0.40329352021217346,0.6741236448287964,-0.3388093113899231,0.9271395206451416,0.3172626197338104,0.7047463059425354,-0.30721139907836914,0.5995477437973022,0.3966921269893646,0.7237353324890137,-0.4001900255680084,0.8286646008491516,0.3259074091911316,0.7422245740890503,-0.3766588270664215,0.6165603995323181,0.3950015604496002,0.6816756129264832,-0.007221505977213383,0.9994305372238159,0.3612731397151947,0.6966537833213806,0.007132986094802618,0.9980103373527527,0.4275873601436615,0.6832751035690308,-0.14872704446315765,0.5469328761100769,0.3439224660396576,0.7296441197395325,-0.05499683693051338,0.3742181360721588,0.43430036306381226,0.7149755358695984,0.04899204522371292,0.422262042760849,0.36978110671043396,0.7186068892478943,0.16616438329219818,0.21721816062927246
0.38171523809432983,0.6351721882820129,-0.296824187040329,0.9998352527618408,0.3145528733730316,0.6594146490097046,-0.271157443523407,0.997206449508667,0.40508076548576355,0.6777359247207642,-0.3288162350654602,0.9320281744003296,0.3155748248100281,0.709450900554657,-0.269256055355072,0.629294216632843,0.3973970413208008,0.7248507738113403,-0.3711601197719574,0.8418468832969666,0.3260352611541748,0.7406131029129028,-0.33088821172714233,0.6362861394882202,0.39100465178489685,0.6838351488113403,-0.0025821798481047153,0.9994825720787048,0.357583224773407,0.698492169380188,0.002534670289605856,0.9981846213340759,0.429610937833786,0.6858951449394226,-0.09513755142688751,0.5454245209693909,0.3489689826965332,0.7291801571846008,-0.054810669273138046,0.37248265743255615,0.4282115399837494,0.7160936594009399,0.087844118475914,0.41789716482162476,0.3791694939136505,0.7193142771720886,0.16290871798992157,0.2124396711587906
0.38135913014411926,0.6396744847297668,-0.2676831781864166,0.9998497366905212,0.31379762291908264,0.6658724546432495,-0.25755658745765686,0.9974681735038757,0.406838595867157,0.6830326318740845,-0.29031482338905334,0.9365790486335754,0.3155937194824219,0.7171298861503601,-0.26424500346183777,0.6616443395614624,0.4030793011188507,0.7272688150405884,-0.3530953824520111,0.8545863628387451,0.3322748839855194,0.7404974102973938,-0.33365491032600403,0.6624923348426819,0.3933250308036804,0.6910287141799927,0.0004974125768058002,0.9995306730270386,0.3587084412574768,0.7073662877082825,-0.0005269719404168427,0.9983389973640442,0.4318807125091553,0.6754700541496277,-0.17393359541893005,0.5712022185325623,0.32263439893722534,0.7261313199996948,-0.1437748372554779,0.3885912299156189,0.42983126640319824,0.7164024114608765,-0.023499390110373497,0.44708019495010376,0.3539581894874573,0.7141348719596863,-0.0008469402091577649,0.21686771512031555
0.3801495134830475,0.6445381045341492,-0.20899765193462372,0.9998432397842407,0.3085293769836426,0.6748310923576355,-0.1968451887369156,0.9976192116737366,0.4075588583946228,0.6890607476234436,-0.20622937381267548,0.934723973274231,0.3133529722690582,0.7274789214134216,-0.24366307258605957,0.6920956969261169,0.41643524169921875,0.7311278581619263,-0.26379847526550293,0.8570567965507507,0.31265324354171753,0.7012116312980652,-0.3452979028224945,0.6901482343673706,0.39258280396461487,0.698793888092041,0.0012753922492265701,0.9995518922805786,0.35766148567199707,0.7181523442268372,-0.0012945664348080754,0.9984426498413086,0.4369336664676666,0.6805538535118103,-0.18849267065525055,0.5982025861740112,0.3273557126522064,0.7498774528503418,-0.18089044094085693,0.43796849250793457,0.40203386545181274,0.729858934879303,-0.06735134869813919,0.4536188840866089,0.390211284160614,0.7157562375068665,-0.0822473093867302,0.23196837306022644
0.3796706199645996,0.6556072235107422,-0.21731284260749817,0.9998387098312378,0.3075477182865143,0.6846378445625305,-0.21315698325634003,0.9978230595588684,0.40895652770996094,0.6913785338401794,-0.19709983468055725,0.9376487731933594,0.31452080607414246,0.7333916425704956,-0.19491896033287048,0.7199932336807251,0.41558077931404114,0.7310301661491394,-0.24163790047168732,0.8612469434738159,0.34522920846939087,0.7243698239326477,-0.23747976124286652,0.7124535441398621,0.3886590600013733,0.7059547305107117,0.003905980382114649,0.9995784163475037,0.35610702633857727,0.7270607948303223,-0.00393450353294611,0.9985634684562683,0.43531492352485657,0.6807974576950073,-0.12385111302137375,0.5974898338317871,0.3438773453235626,0.7448539137840271,-0.12897469103336334,0.45865896344184875,0.40894415974617004,0.7303009033203125,-0.003935140557587147,0.43209102749824524,0.39014530181884766,0.736818790435791,0.012198946438729763,0.23230941593647003
0.3798568546772003,0.6659317016601562,-0.22143088281154633,0.9998100399971008,0.30829718708992004,0.6892922520637512,-0.2204601913690567,0.9979749917984009,0.411631315946579,0.6961354613304138,-0.20374859869480133,0.9357869625091553,0.3147161304950714,0.7370290756225586,-0.20049484074115753,0.7436628937721252,0.42427322268486023,0.7306939363479614,-0.25112107396125793,0.8638162016868591,0.3483547270298004,0.7288431525230408,-0.237323597073555,0.7328540086746216,0.38508591055870056,0.7056336402893066,0.0025884865317493677,0.9995988607406616,0.3533342778682709,0.7256378531455994,-0.002615216886624694,0.9986696839332581,0.43479591608047485,0.6865713000297546,-0.11640273034572601,0.5920000672340393,0.34472528100013733,0.7446821331977844,-0.11291730403900146,0.4768489897251129,0.40994882583618164,0.731842577457428,0.013106645084917545,0.4187161922454834,0.389156311750412,0.7376834750175476,0.010900807566940784,0.2467450201511383
0.37685757875442505,0.6706026196479797,-0.20457391440868378,0.9998270869255066,0.30874279141426086,0.6985206604003906,-0.20250394940376282,0.9981669783592224,0.41105180978775024,0.6952949166297913,-0.15538272261619568,0.9410908222198486,0.31313180923461914,0.7349458336830139,-0.12926752865314484,0.7641835808753967,0.41888028383255005,0.7304320931434631,-0.17398452758789062,0.8744690418243408,0.3421284556388855,0.7368084192276001,-0.12610368430614471,0.7527491450309753,0.38408419489860535,0.7154907584190369,0.001829018467105925,0.9996247887611389,0.35451531410217285,0.7356012463569641,-0.0018144160276278853,0.9987784028053284,0.4295969009399414,0.7116321325302124,-0.044009484350681305,0.5724747776985168,0.36734604835510254,0.7551126480102539,-0.07120388746261597,0.48620298504829407,0.4219190180301666,0.7504830360412598,0.09553725272417068,0.4064778685569763,0.4115069508552551,0.7592524290084839,0.07245131582021713,0.2676485478878021
0.37256690859794617,0.6759398579597473,-0.19585634768009186,0.9998329877853394,0.30903297662734985,0.7097326517105103,-0.18947580456733704,0.9982523918151855,0.4087139070034027,0.6996249556541443,-0.16349534690380096,0.9437916874885559,0.31577762961387634,0.7507128119468689,-0.1526775360107422,0.7810865044593811,0.4196912944316864,0.7322897911071777,-0.197544664144516,0.8803988099098206,0.3417772948741913,0.7466799020767212,-0.18802261352539062,0.7677952647209167,0.3836035132408142,0.7264580130577087,0.0010737912962213159,0.9996191263198853,0.3550853133201599,0.7476693391799927,-0.001078810659237206,0.9988197684288025,0.42184290289878845,0.7143898010253906,-0.08976548165082932,0.5691541433334351,0.3617134988307953,0.7679046988487244,-0.0974433571100235,0.5024759769439697,0.42188242077827454,0.7573772072792053,0.06136435270309448,0.40099766850471497,0.40497174859046936,0.7715783715248108,0.040825046598911285,0.2844546139240265
0.3229994475841522,0.6752065420150757,-0.05884662643074989,0.9997350573539734,0.2992226183414459,0.7208927273750305,0.0024436998646706343,0.9981857538223267,0.3769187331199646,0.6828436851501465,-0.05449499562382698,0.9184882640838623,0.33962899446487427,0.7383203506469727,-0.03965025022625923,0.7540722489356995,0.40212759375572205,0.7024396061897278,-0.11009828001260757,0.847255527973175,0.33516067266464233,0.715722382068634,-0.16107667982578278,0.7630041837692261,0.4247674345970154,0.7261856198310852,-0.029126549139618874,0.9993851780891418,0.4098711311817169,0.7578362226486206,0.029185594990849495,0.9985265135765076,0.4716911315917969,0.7307025194168091,-0.14343933761119843,0.5564510822296143,0.44701245427131653,0.7629773020744324,-0.07730420678853989,0.48999565839767456,0.5514484643936157,0.7454499006271362,-0.040725622326135635,0.39570409059524536,0.5329908132553101,0.7633200287818909,0.028578858822584152,0.29039692878723145
0.32672110199928284,0.6601322889328003,-0.13211999833583832,0.9997357726097107,0.30288165807724,0.7096930146217346,-0.00013990423758514225,0.9982524514198303,0.38605865836143494,0.679189145565033,-0.12316052615642548,0.9112422466278076,0.3653080463409424,0.7340049147605896,0.042552560567855835,0.6923929452896118,0.42239317297935486,0.7038549184799194,-0.15645861625671387,0.8277208805084229,0.3796643316745758,0.7342459559440613,-0.030759518966078758,0.7131832838058472,0.4323224723339081,0.709981381893158,-0.04923909530043602,0.9994232654571533,0.40845248103141785,0.7395745515823364,0.04930063337087631,0.9986370801925659,0.4535984694957733,0.71335369348526,-0.14696700870990753,0.5876863598823547,0.3574921488761902,0.7431149482727051,-0.08101611584424973,0.5012747645378113,0.5103446245193481,0.7214618921279907,0.02004849910736084,0.4313529133796692,0.4251764714717865,0.7519031763076782,-0.010411351919174194,0.32661691308021545
0.32669416069984436,0.6588343977928162,-0.1220686063170433,0.9995796084403992,0.30450206995010376,0.7069124579429626,0.04187924042344093,0.9980481863021851,0.38350823521614075,0.6784958243370056,-0.13111859560012817,0.8901791572570801,0.3552843928337097,0.733768880367279,0.045695047825574875,0.6331191062927246,0.4134030342102051,0.7161466479301453,-0.15387330949306488,0.7997854948043823,0.35355278849601746,0.7319279909133911,-0.07224760949611664,0.6657030582427979,0.43108177185058594,0.7009776830673218,-0.04920801520347595,0.9993642568588257,0.4106411933898926,0.7327995300292969,0.049266401678323746,0.9986505508422852,0.39844968914985657,0.6796056032180786,-0.1997380554676056,0.6194847822189331,0.34957772493362427,0.7392662763595581,-0.062257491052150726,0.5189060568809509,0.43564102053642273,0.718103289604187,-0.08491525799036026,0.4507378935813904,0.42413419485092163,0.733269214630127,-0.08134348690509796,0.3530798554420471
0.32226845622062683,0.6580454111099243,-0.16357436776161194,0.9993736147880554,0.3049832284450531,0.6845923066139221,0.04894176498055458,0.9978589415550232,0.3534039855003357,0.6893576979637146,-0.20528855919837952,0.8733457922935486,0.33905819058418274,0.7200103402137756,0.03753098472952843,0.5792487859725952,0.3536983132362366,0.7203292846679688,-0.20968963205814362,0.77865070104599,0.3383466601371765,0.7258976101875305,-0.10409718006849289,0.6230729818344116,0.4291880130767822,0.7004841566085815,-0.07016407698392868,0.9989455342292786,0.4126717150211334,0.7163861393928528,0.07016830891370773,0.9982842803001404,0.36316102743148804,0.6899480223655701,-0.1504824459552765,0.6411508917808533,0.3392880856990814,0.7248527407646179,0.08377895504236221,0.5089183449745178,0.4212389290332794,0.7193738222122192,-0.031710173934698105,0.4584842920303345,0.41945505142211914,0.728833794593811,0.09705746918916702,0.34983113408088684
0.3176582157611847,0.6526903510093689,-0.15397365391254425,0.9993352293968201,0.30478328466415405,0.6840149164199829,0.038928985595703125,0.9977052807807922,0.3512628376483917,0.694674015045166,-0.18646876513957977,0.8680393695831299,0.33540329337120056,0.7223902344703674,0.023024767637252808,0.5329590439796448,0.35408684611320496,0.7303165793418884,-0.18715812265872955,0.768040120601654,0.3398619294166565,0.726552426815033,-0.09516241401433945,0.5839414596557617,0.427668035030365,0.6944758296012878,-0.06511720269918442,0.9989049434661865,0.4125451147556305,0.7134442925453186,0.06508512049913406,0.998192548751831,0.36701565980911255,0.6946585774421692,-0.12678387761116028,0.6654320955276489,0.33980169892311096,0.7363278269767761,0.0708594024181366,0.5089584589004517,0.44108638167381287,0.7253073453903198,-0.030643386766314507,0.48756617307662964,0.4199203550815582,0.7332277894020081,0.10057350248098373,0.3645256459712982
0.31605949997901917,0.6504712700843811,-0.1511763334274292,0.9990994930267334,0.3094536364078522,0.680886447429657,0.07142825424671173,0.9973247647285461,0.33239081501960754,0.7054263949394226,-0.20299674570560455,0.8589903712272644,0.33175230026245117,0.7229791283607483,0.008401420898735523,0.4871882200241089,0.3132243752479553,0.7344961166381836,-0.18002107739448547,0.7585950493812561,0.32226452231407166,0.7338481545448303,-0.1638704389333725,0.5449764132499695,0.4303390681743622,0.6929872632026672,-0.07132390141487122,0.9987123012542725,0.4219866693019867,0.7131035923957825,0.07124721258878708,0.9981160163879395,0.3591727316379547,0.6914882659912109,-0.15244010090827942,0.6904095411300659,0.3485080301761627,0.7366026639938354,0.07593833655118942,0.5052219033241272,0.4267514646053314,0.727497935295105,-0.06809038668870926,0.5168997645378113,0.4304399788379669,0.7362769246101379,0.06843685358762741,0.3745913505554199
0.3553299009799957,0.635966956615448,-0.19498728215694427,0.9991656541824341,0.3229212760925293,0.6493939757347107,-0.06567590683698654,0.9974269270896912,0.3812272250652313,0.6948617100715637,-0.17357365787029266,0.8486023545265198,0.34983372688293457,0.7069985270500183,-0.032137952744960785,0.44813308119773865,0.3790874481201172,0.7312650084495544,-0.181738018989563,0.7463955879211426,0.35922813415527344,0.727806031703949,-0.07552405446767807,0.5087149739265442,0.3908049464225769,0.7241134643554688,-0.048429541289806366,0.9987288117408752,0.3718969225883484,0.7276525497436523,0.04858776554465294,0.9980162978172302,0.38647276163101196,0.6650586128234863,-0.1870872527360916,0.6999396681785583,0.3332200050354004,0.6884390711784363,0.03804907575249672,0.4791831076145172,0.36436599493026733,0.7249404788017273,-0.07267261296510696,0.5180104374885559,0.33403897285461426,0.7250105738639832,0.11532051861286163,0.36337777972221375
0.35812780261039734,0.6335567831993103,-0.12747161090373993,0.9991925358772278,0.3167555630207062,0.6526328921318054,-0.1253260374069214,0.9976055026054382,0.38147762417793274,0.6935990452766418,-0.10671401023864746,0.7908329963684082,0.3280044198036194,0.7129895091056824,-0.11917079985141754,0.44239309430122375,0.3884894847869873,0.7213937044143677,-0.15111587941646576,0.6931276917457581,0.3481333255767822,0.7210848927497864,-0.14873549342155457,0.4923170804977417,0.38819220662117004,0.72251957654953,0.001976004568859935,0.998810350894928,0.36890101432800293,0.732539176940918,-0.0020891153253614902,0.9981489777565002,0.40100494027137756,0.6652728915214539,-0.019782591611146927,0.6604315042495728,0.36113718152046204,0.689082145690918,-0.034185897558927536,0.47153833508491516,0.414292573928833,0.716229259967804,0.08032350987195969,0.4877599775791168,0.3972184360027313,0.7207159399986267,0.11288277059793472,0.3361929953098297
0.3434428572654724,0.6421141624450684,-0.20994411408901215,0.9992642402648926,0.3262443542480469,0.6517590284347534,-0.14563286304473877,0.9978107810020447,0.3647220730781555,0.707358717918396,-0.15914933383464813,0.758075475692749,0.34431108832359314,0.7126010060310364,-0.10722196102142334,0.406381219625473,0.38216155767440796,0.7229754328727722,-0.16069097816944122,0.6602715253829956,0.3612755239009857,0.722040593624115,-0.12138348817825317,0.45029622316360474,0.37827226519584656,0.7231723070144653,-0.018673228099942207,0.9989197850227356,0.37093159556388855,0.7301152348518372,0.018581030890345573,0.9983128905296326,0.37263551354408264,0.690001904964447,0.08265941590070724,0.6257776618003845,0.36992698907852173,0.6982502341270447,0.14797618985176086,0.4349915385246277,0.4016862213611603,0.7175154685974121,0.260835736989975,0.4620916545391083,0.39535096287727356,0.720742404460907,0.32964280247688293,0.3090774714946747
0.3132726848125458,0.6577931642532349,-0.1469641476869583,0.999324381351471,0.30552682280540466,0.6668024659156799,0.07766938954591751,0.9979788661003113,0.3582480847835541,0.7062340974807739,-0.15969789028167725,0.7568050622940063,0.3398926854133606,0.7102693915367126,0.09818565100431442,0.37058785557746887,0.36834853887557983,0.7332505583763123,-0.13032910227775574,0.6563064455986023,0.35413026809692383,0.7294264435768127,0.06309499591588974,0.4103955626487732,0.41042155027389526,0.7166478037834167,-0.07060867547988892,0.9989688992500305,0.4012136161327362,0.7196345329284668,0.07047863304615021,0.9983813166618347,0.36876899003982544,0.705453097820282,-0.1214180514216423,0.6378455758094788,0.34257078170776367,0.7068974375724792,0.12813575565814972,0.4115491509437561,0.41139206290245056,0.706565797328949,-0.05373162403702736,0.44757476449012756,0.39788487553596497,0.7140201926231384,0.1028195396065712,0.2957543432712555
0.3174137771129608,0.6584542393684387,-0.1536848545074463,0.9991846084594727,0.30121031403541565,0.6871768832206726,0.02852388098835945,0.9964880347251892,0.37088799476623535,0.6907572150230408,-0.17790257930755615,0.7535975575447083,0.3325933814048767,0.7195385694503784,0.03483988344669342,0.3450148403644562,0.39772161841392517,0.7279887795448303,-0.1852416694164276,0.6566089987754822,0.33266350626945496,0.7157472968101501,-0.04245134815573692,0.38924938440322876,0.409530907869339,0.7076165080070496,-0.06058770790696144,0.9987747073173523,0.3952193558216095,0.7218931317329407,0.06051765754818916,0.9979814291000366,0.36719590425491333,0.6987972259521484,-0.17137375473976135,0.6557839512825012,0.34057894349098206,0.735409677028656,0.05374151095747948,0.41640761494636536,0.4126301407814026,0.711907684803009,-0.053671251982450485,0.4476880729198456,0.40610241889953613,0.7196863889694214,0.07837999612092972,0.29952988028526306
0.32089877128601074,0.6570178866386414,-0.06692824512720108,0.9987748265266418,0.2983013093471527,0.6987529993057251,0.023244863376021385,0.9947543144226074,0.37334761023521423,0.6830147504806519,-0.08095504343509674,0.7218253016471863,0.3284337520599365,0.7235128283500671,-0.01887938566505909,0.32684260606765747,0.40099087357521057,0.7128424644470215,-0.0972408875823021,0.6277081370353699,0.3149636685848236,0.7024351954460144,-0.13486525416374207,0.37729594111442566,0.40935423970222473,0.7037686705589294,-0.02992626093327999,0.9987536072731018,0.39121803641319275,0.7305589318275452,0.02990112081170082,0.9979586005210876,0.3852684497833252,0.67689049243927,-0.21178258955478668,0.6808636784553528,0.3356408476829529,0.7407122850418091,-0.10887617617845535,0.45049628615379333,0.41322043538093567,0.7132917642593384,-0.14949217438697815,0.4646424651145935,0.40572720766067505,0.7230253219604492,-0.1546216458082199,0.32072484493255615
0.32403168082237244,0.6569098830223083,-0.1310417652130127,0.9987779259681702,0.3015662729740143,0.6956821084022522,0.016502894461154938,0.9948268532752991,0.3822268843650818,0.6852606534957886,-0.1433490663766861,0.7039093971252441,0.3405739665031433,0.7240011096000671,0.016356663778424263,0.30342230200767517,0.4081242084503174,0.7136607766151428,-0.1579815298318863,0.608496904373169,0.33887791633605957,0.7097120881080627,-0.06853245943784714,0.3539227843284607,0.4096776843070984,0.7041720747947693,-0.044917624443769455,0.9988052248954773,0.3927146792411804,0.7286306023597717,0.04484349861741066,0.9980206489562988,0.37769800424575806,0.6824932098388672,-0.20802588760852814,0.69858717918396,0.33229756355285645,0.7368317246437073,-0.008792541921138763,0.44970592856407166,0.40645381808280945,0.7134838104248047,-0.1023046150803566,0.4653380811214447,0.39467909932136536,0.7238216996192932,-0.027991389855742455,0.315804660320282
0.3225921094417572,0.6583504676818848,-0.1004922166466713,0.9982190132141113,0.3007243275642395,0.6975495219230652,0.045207854360342026,0.99454665184021,0.37544986605644226,0.6869181394577026,-0.12995527684688568,0.6854062676429749,0.3318306505680084,0.7267359495162964,0.014449797570705414,0.2862522602081299,0.3719630837440491,0.7164840698242188,-0.14658446609973907,0.5864429473876953,0.3194945156574249,0.7126430869102478,-0.12114133685827255,0.3396495580673218,0.4092128872871399,0.7012949585914612,-0.049807243049144745,0.9986442923545837,0.39318910241127014,0.7275815010070801,0.04972803220152855,0.998027503490448,0.3751220703125,0.6869588494300842,-0.21849167346954346,0.7174671292304993,0.3391416370868683,0.7480958700180054,-0.05175647512078285,0.46545782685279846,0.407217800617218,0.7135800719261169,-0.09017016738653183,0.47187158465385437,0.4078103005886078,0.7290748357772827,-0.051310889422893524,0.33095571398735046
0.32304444909095764,0.6647832989692688,-0.14690475165843964,0.9983471035957336,0.30288195610046387,0.7061277627944946,0.03568330034613609,0.9950045943260193,0.3822667598724365,0.6897627711296082,-0.1546170711517334,0.6905539631843567,0.35384804010391235,0.7286365628242493,0.04973616451025009,0.2681218683719635,0.4063492715358734,0.7175558805465698,-0.15150652825832367,0.5817463397979736,0.37788844108581543,0.7279108762741089,-0.0001876455789897591,0.31665700674057007,0.40954580903053284,0.7024656534194946,-0.05067577585577965,0.9987393617630005,0.3967471718788147,0.7297454476356506,0.05047926306724548,0.9981478452682495,0.3745051324367523,0.688556969165802,-0.16119582951068878,0.7355736494064331,0.3547331690788269,0.7410396933555603,0.04849129915237427,0.46130651235580444,0.4079458713531494,0.7136164903640747,-0.032761361449956894,0.47825321555137634,0.4063045382499695,0.7268688082695007,0.07068370282649994,0.3338151276111603
0.34559184312820435,0.6538140177726746,-0.10348311811685562,0.9984462261199951,0.305335134267807,0.6959676742553711,0.03302925452589989,0.9943826198577881,0.4076683223247528,0.6926765441894531,-0.15086428821086884,0.7077218294143677,0.34324145317077637,0.7404351830482483,0.055017415434122086,0.246832937002182,0.41227927803993225,0.7267194986343384,-0.20694826543331146,0.5783134698867798,0.3666130602359772,0.744026243686676,0.003374856198206544,0.2910262942314148,0.40628838539123535,0.7570733428001404,-0.04659871384501457,0.9986484050750732,0.3783988952636719,0.7742595672607422,0.046635132282972336,0.997937798500061,0.4220356345176697,0.7541196942329407,-0.14540895819664001,0.7185454964637756,0.3668358027935028,0.7796234488487244,-0.047392748296260834,0.44588524103164673,0.44357356429100037,0.7904965281486511,-0.03158733248710632,0.4448659121990204,0.42692041397094727,0.7968091368675232,0.03493368625640869,0.3121725618839264
0.37798115611076355,0.6307246088981628,-0.18402738869190216,0.9985893368721008,0.32944566011428833,0.6512940526008606,-0.0787932500243187,0.9949047565460205,0.4010227620601654,0.6856027245521545,-0.17565786838531494,0.7147733569145203,0.34534376859664917,0.7167840003967285,-0.05481676384806633,0.2681605815887451,0.3845857083797455,0.7408981919288635,-0.19737723469734192,0.5888844728469849,0.3564459979534149,0.7479153275489807,-0.10101926326751709,0.30992838740348816,0.4157039523124695,0.7235257029533386,-0.039021801203489304,0.9987345337867737,0.3857214152812958,0.7303670644760132,0.0388859398663044,0.9980122447013855,0.4151630401611328,0.7104291915893555,0.005220909137278795,0.7008101344108582,0.3464638292789459,0.7359940409660339,0.14651499688625336,0.4221740961074829,0.4134366512298584,0.7270306944847107,0.2174272984266281,0.42926695942878723,0.36285242438316345,0.7428914904594421,0.3255520164966583,0.29849445819854736
0.3790556490421295,0.6299420595169067,-0.1656501740217209,0.9986725449562073,0.3227127492427826,0.6527127027511597,-0.10904530435800552,0.9953323006629944,0.3986104130744934,0.6840683817863464,-0.1687709540128708,0.7168766260147095,0.3263385593891144,0.7148576378822327,-0.09646987915039062,0.31353119015693665,0.3773188292980194,0.7346745729446411,-0.21027907729148865,0.6054108738899231,0.3393033444881439,0.7484617829322815,-0.1432551145553589,0.3410876989364624,0.4156964421272278,0.7196096181869507,-0.018664520233869553,0.9987534880638123,0.3810621201992035,0.7319928407669067,0.018514541909098625,0.9981182813644409,0.4265124201774597,0.7071260213851929,0.015024026855826378,0.6814992427825928,0.34499087929725647,0.746099054813385,0.031918808817863464,0.43367111682891846,0.41906091570854187,0.7205948829650879,0.21906127035617828,0.40609389543533325,0.3865455687046051,0.7351391911506653,0.17116737365722656,0.2953948676586151
0.37954944372177124,0.6297416090965271,-0.1499330997467041,0.9987492561340332,0.3203992545604706,0.6538418531417847,-0.10753854364156723,0.995718240737915,0.3976154029369354,0.6834333539009094,-0.1526249796152115,0.7186670899391174,0.3235221207141876,0.7138711214065552,-0.09779302775859833,0.35522475838661194,0.37833285331726074,0.7288503646850586,-0.20830009877681732,0.6183843016624451,0.33696675300598145,0.7482399344444275,-0.14527928829193115,0.3666040897369385,0.4155634939670563,0.718570351600647,-0.013862871564924717,0.9987733960151672,0.3790617883205414,0.7335809469223022,0.013727165758609772,0.998216450214386,0.43073323369026184,0.7065369486808777,-0.050026535987854004,0.6688652634620667,0.3440137505531311,0.7479434013366699,-0.03855759650468826,0.45173826813697815,0.4218575656414032,0.71967613697052,0.13698071241378784,0.38455116748809814,0.39421555399894714,0.732769787311554,0.078257255256176,0.2930741608142853
0.3430196940898895,0.6380067467689514,-0.17451272904872894,0.9988613128662109,0.3513496518135071,0.644565999507904,-0.1432550996541977,0.9961268305778503,0.35872483253479004,0.7043658494949341,-0.13929779827594757,0.6997225880622864,0.36471834778785706,0.7114938497543335,-0.09894856065511703,0.3413359522819519,0.36507493257522583,0.7325975298881531,-0.140043243765831,0.6102131605148315,0.36823341250419617,0.7356008887290955,-0.11667793244123459,0.35351020097732544,0.39467909932136536,0.7203048467636108,-0.01165463775396347,0.9988648891448975,0.39230895042419434,0.7283446192741394,0.01150634977966547,0.9983491897583008,0.3929874002933502,0.7053363919258118,0.17977894842624664,0.6137501001358032,0.39195752143859863,0.7278795838356018,0.20490993559360504,0.41713494062423706,0.4126109778881073,0.7198640704154968,0.38965752720832825,0.36531203985214233,0.4165610671043396,0.7218431234359741,0.42109134793281555,0.2728828489780426
0.38636040687561035,0.6404938101768494,-0.17117655277252197,0.9989317655563354,0.3171985447406769,0.6543195843696594,-0.08406543731689453,0.9964759945869446,0.40637287497520447,0.6945714950561523,-0.17502497136592865,0.7032099366188049,0.3192884624004364,0.718815267086029,-0.07460007816553116,0.37939515709877014,0.3938218653202057,0.7417944669723511,-0.2416766732931137,0.6090655326843262,0.3344055712223053,0.7567700147628784,-0.15431883931159973,0.39628612995147705,0.39059215784072876,0.7394117712974548,-0.04035326838493347,0.9988518357276917,0.3543063700199127,0.7409873008728027,0.04038854315876961,0.9983518123626709,0.3899790346622467,0.7046458125114441,-0.18579129874706268,0.6197366118431091,0.31587404012680054,0.7116090655326843,0.024603920057415962,0.4048348665237427,0.3515344262123108,0.7186396718025208,-0.03502468019723892,0.3510270118713379,0.3222707211971283,0.7213719487190247,0.13821589946746826,0.25946542620658875
0.3832564949989319,0.6399962306022644,-0.16221244633197784,0.9990289211273193,0.31630629301071167,0.654061496257782,-0.06217075139284134,0.9967359900474548,0.4083313047885895,0.6941664814949036,-0.1850319802761078,0.7292895317077637,0.31797319650650024,0.7134886384010315,-0.05624321103096008,0.40608006715774536,0.3931606411933899,0.7371306419372559,-0.26938846707344055,0.6358343958854675,0.3343330919742584,0.7327910661697388,-0.1474800407886505,0.4126228988170624,0.39060071110725403,0.7349373698234558,-0.040056146681308746,0.998936116695404,0.35315853357315063,0.7416176795959473,0.04008197784423828,0.9984707236289978,0.40540581941604614,0.7296887636184692,-0.24344006180763245,0.6418799757957458,0.3182547390460968,0.7692384719848633,-0.17228344082832336,0.4356069564819336,0.4090438485145569,0.7698607444763184,-0.055655837059020996,0.36315232515335083,0.39412352442741394,0.7768159508705139,-0.023581722751259804,0.2639337480068207
0.32960256934165955,0.6569589376449585,-0.13280364871025085,0.9990969300270081,0.3115115165710449,0.7203881144523621,-0.02994409389793873,0.9968448877334595,0.3835090100765228,0.6650497317314148,-0.14656153321266174,0.7488777041435242,0.35660606622695923,0.7328789830207825,-0.05550966039299965,0.3986246883869171,0.42559918761253357,0.7036935687065125,-0.1998479664325714,0.6455593109130859,0.356489360332489,0.7163801789283752,-0.19648098945617676,0.42075225710868835,0.4247210919857025,0.7025536894798279,-0.036574337631464005,0.9989270567893982,0.4118053913116455,0.7361178398132324,0.036629777401685715,0.9984242916107178,0.4910898804664612,0.7052720189094543,-0.10411720722913742,0.6327853202819824,0.4628601670265198,0.7430594563484192,-0.06118572875857353,0.43739914894104004,0.5686551332473755,0.7140384912490845,0.022997990250587463,0.38965481519699097,0.5430569648742676,0.7459326386451721,0.08548547327518463,0.2892897129058838
0.3302561640739441,0.6654304265975952,-0.1861124187707901,0.9991740584373474,0.30874913930892944,0.7110022902488708,-0.02808406762778759,0.997102677822113,0.38842320442199707,0.676520049571991,-0.1891409158706665,0.7689617276191711,0.366156667470932,0.7252793312072754,0.01902117393910885,0.3692376911640167,0.42279335856437683,0.706478476524353,-0.21244552731513977,0.6617592573165894,0.38661688566207886,0.7184891104698181,-0.0459773875772953,0.3958323001861572,0.4247160255908966,0.7057309746742249,-0.055983878672122955,0.9990220665931702,0.4116566479206085,0.733742892742157,0.05596411973237991,0.9985547065734863,0.4733041226863861,0.7185830473899841,-0.12943728268146515,0.6535567045211792,0.4438219964504242,0.7425612211227417,-0.011684699915349483,0.43471407890319824,0.5489941239356995,0.714065670967102,-0.0086421649903059,0.4378186762332916,0.5185826420783997,0.742182731628418,0.10749085247516632,0.3236764669418335
0.3323943316936493,0.6673641204833984,-0.08943843841552734,0.9992393851280212,0.3086320459842682,0.7207077741622925,-0.0045926873572170734,0.9973050355911255,0.3887450397014618,0.6788361668586731,-0.10832949727773666,0.7821769714355469,0.36539703607559204,0.7378549575805664,-0.016332218423485756,0.36331886053085327,0.42273926734924316,0.7063112854957581,-0.18566398322582245,0.6745445728302002,0.3778960406780243,0.7294335961341858,-0.0560053251683712,0.4055280089378357,0.4251519739627838,0.7056870460510254,-0.04110736399888992,0.999072253704071,0.41326144337654114,0.7372114062309265,0.04109388589859009,0.9986119866371155,0.4824204444885254,0.7159584164619446,-0.10309348255395889,0.6659890413284302,0.46573057770729065,0.7448855638504028,-0.03228241577744484,0.45201319456100464,0.5544964671134949,0.7113795876502991,0.019252212718129158,0.4795043170452118,0.5343578457832336,0.7424792051315308,0.10249636322259903,0.3667791783809662
0.3268184959888458,0.6729997396469116,-0.16094286739826202,0.9992687702178955,0.3050749599933624,0.6994519233703613,0.007220094092190266,0.9974563717842102,0.400409460067749,0.6969028115272522,-0.1560862809419632,0.7711696028709412,0.3702566921710968,0.7340671420097351,0.03432110697031021,0.3334457278251648,0.4160594940185547,0.7253504991531372,-0.15436971187591553,0.6593336462974548,0.3877562880516052,0.7440301775932312,-0.01101645641028881,0.3775594234466553,0.4257754683494568,0.7339578866958618,-0.05616656690835953,0.9990971684455872,0.40746235847473145,0.746037483215332,0.05614888668060303,0.9986217617988586,0.4156491756439209,0.7403331398963928,-0.11615822464227676,0.6763865947723389,0.3720925748348236,0.7515252232551575,0.09950979799032211,0.4431297183036804,0.45314446091651917,0.7565054893493652,0.07109302282333374,0.47059425711631775,0.4308066666126251,0.7787113785743713,0.19620582461357117,0.3646596074104309
0.33148881793022156,0.6589984893798828,-0.15670524537563324,0.99932461977005,0.3049790859222412,0.7159390449523926,-0.017226221039891243,0.997670590877533,0.3911495804786682,0.674712061882019,-0.1519465446472168,0.7837868928909302,0.36276236176490784,0.7391526103019714,0.025248121470212936,0.3194933235645294,0.4231167733669281,0.7093995809555054,-0.16892512142658234,0.6626396179199219,0.39030951261520386,0.7459077835083008,-0.033262331038713455,0.37064072489738464,0.4287673532962799,0.7113202810287476,-0.05252506956458092,0.9991771578788757,0.4026816189289093,0.737652599811554,0.05246581509709358,0.9987442493438721,0.43068498373031616,0.7140835523605347,-0.13409997522830963,0.6975117921829224,0.3440116345882416,0.7458572387695312,-0.0372735895216465,0.45262032747268677,0.49864324927330017,0.7104493975639343,0.01987549662590027,0.5000436902046204,0.4157877564430237,0.7541419863700867,0.029207173734903336,0.38748085498809814
0.3242076337337494,0.6573024392127991,-0.11062826216220856,0.9993691444396973,0.30680951476097107,0.6977329850196838,0.08280465751886368,0.9977977871894836,0.38433125615119934,0.683954119682312,-0.12942290306091309,0.7769299745559692,0.35775133967399597,0.7286244630813599,0.10673006623983383,0.29539790749549866,0.40429845452308655,0.7226499319076538,-0.11737567186355591,0.6469895243644714,0.36518242955207825,0.7295665144920349,0.042277269065380096,0.34916621446609497,0.42489781975746155,0.7061852812767029,-0.06005903705954552,0.9992415308952332,0.40567806363105774,0.7279835343360901,0.059953659772872925,0.9988258481025696,0.41003385186195374,0.7078992128372192,-0.15301600098609924,0.7158145308494568,0.36796602606773376,0.7409238219261169,0.026767252013087273,0.45562103390693665,0.48418745398521423,0.7179248929023743,-0.09781961888074875,0.5327228307723999,0.4348795413970947,0.7469501495361328,0.033036574721336365,0.40896400809288025
0.3129322826862335,0.6566581726074219,-0.11607160419225693,0.9993335008621216,0.3067739009857178,0.6853025555610657,0.07771044969558716,0.9978228807449341,0.3456134498119354,0.6940551400184631,-0.158491849899292,0.7824574708938599,0.33907583355903625,0.7223690152168274,0.06771852821111679,0.2712015211582184,0.32556596398353577,0.7281834483146667,-0.13892458379268646,0.6517221331596375,0.3390270173549652,0.7297545075416565,-0.051195915788412094,0.3282543420791626,0.4217856526374817,0.7022939920425415,-0.06587431579828262,0.9992445111274719,0.4075135886669159,0.717369019985199,0.06579666584730148,0.9988822937011719,0.3956417739391327,0.7085665464401245,-0.1500857174396515,0.7297741770744324,0.37285012006759644,0.7377816438674927,0.0200506541877985,0.45296597480773926,0.45211857557296753,0.7293817400932312,-0.07246191054582596,0.5483881235122681,0.44800689816474915,0.739629864692688,0.01557091809809208,0.4238019287586212
0.31529518961906433,0.6531462669372559,-0.11585458368062973,0.9992791414260864,0.30878162384033203,0.6882580518722534,0.08400925248861313,0.9975394010543823,0.34213581681251526,0.6945344805717468,-0.18450404703617096,0.7845008969306946,0.3388125002384186,0.7255235910415649,0.06377671658992767,0.25189119577407837,0.32542556524276733,0.7318965792655945,-0.20028309524059296,0.662356972694397,0.3402523398399353,0.7325559854507446,-0.09891338646411896,0.31532296538352966,0.42554911971092224,0.6968551874160767,-0.06628093868494034,0.9991433620452881,0.41690492630004883,0.7186957597732544,0.0662202462553978,0.9987546801567078,0.37267592549324036,0.6888648867607117,-0.1576313078403473,0.7507811784744263,0.3653419315814972,0.7382022142410278,0.030465340241789818,0.460481733083725,0.4437800347805023,0.733457624912262,-0.1169700101017952,0.5820109248161316,0.44664525985717773,0.7405862212181091,0.01891764998435974,0.44231390953063965
0.3416711390018463,0.647939145565033,-0.2234610617160797,0.9993387460708618,0.3084186911582947,0.6682054400444031,-0.07328344136476517,0.9977446794509888,0.37315717339515686,0.7031987905502319,-0.22760523855686188,0.7938051223754883,0.33179742097854614,0.7107119560241699,-0.0600988008081913,0.2431650012731552,0.36259540915489197,0.7400199770927429,-0.2138146013021469,0.6740677952766418,0.33952412009239197,0.7288126945495605,-0.11276372522115707,0.3050720691680908,0.4083895683288574,0.7029040455818176,-0.05535757541656494,0.999204158782959,0.38681045174598694,0.7157106995582581,0.05524739623069763,0.9988267421722412,0.3623598515987396,0.6753867864608765,-0.10895990580320358,0.751168429851532,0.3352546691894531,0.7234780192375183,0.08215512335300446,0.4508383870124817,0.38915205001831055,0.7078603506088257,-0.0030367982108145952,0.548632025718689,0.3654361367225647,0.7069279551506042,0.09800086915493011,0.42231035232543945
0.3272748291492462,0.6545558571815491,-0.06839574873447418,0.9992996454238892,0.29713577032089233,0.7016478776931763,0.0494048073887825,0.9974461197853088,0.3786238729953766,0.6849770545959473,-0.09821628779172897,0.7585840225219727,0.31977376341819763,0.7318159937858582,0.006530616898089647,0.2300214171409607,0.4009553790092468,0.7087876200675964,-0.14195653796195984,0.656474232673645,0.2990880012512207,0.7158349752426147,-0.12464404851198196,0.3090878427028656,0.41514459252357483,0.7273973226547241,-0.038283951580524445,0.9991620779037476,0.3951399624347687,0.7528241872787476,0.038225021213293076,0.998737096786499,0.3909788727760315,0.6970535516738892,-0.14520211517810822,0.752899706363678,0.3457055389881134,0.7528555989265442,0.015580398961901665,0.449474036693573,0.4268881678581238,0.719288170337677,-0.0852665901184082,0.5293392539024353,0.39346709847450256,0.7391114830970764,0.005032077431678772,0.4100320637226105
0.3374406695365906,0.6626495122909546,-0.1073204055428505,0.9993284940719604,0.30596688389778137,0.7070778012275696,0.013558310456573963,0.9974035620689392,0.394138902425766,0.6836159825325012,-0.140219047665596,0.7610890865325928,0.34836918115615845,0.7412908673286438,-0.006974410265684128,0.2134639322757721,0.4171989858150482,0.7160578966140747,-0.19917400181293488,0.6483442783355713,0.35637927055358887,0.7300896644592285,-0.141067773103714,0.3035237491130829,0.4172936975955963,0.7421849370002747,-0.041335999965667725,0.9991903901100159,0.39617839455604553,0.7635770440101624,0.04132330045104027,0.9987354278564453,0.4609467089176178,0.7273194193840027,-0.10566850006580353,0.7418860197067261,0.40492865443229675,0.7483684420585632,-0.011874756775796413,0.4401407241821289,0.5307181477546692,0.7219297289848328,-0.04693690314888954,0.5415976643562317,0.46813830733299255,0.7522279620170593,0.05849597230553627,0.403352826833725
0.33637481927871704,0.6581147909164429,-0.13000890612602234,0.999367356300354,0.3070308566093445,0.7145203351974487,-0.05052756890654564,0.997438907623291,0.39411047101020813,0.6797885894775391,-0.13827700912952423,0.7657911777496338,0.3506762981414795,0.7497922778129578,-0.027764664962887764,0.2101614773273468,0.4193660616874695,0.7163744568824768,-0.18763241171836853,0.6398354768753052,0.3740389347076416,0.7486147880554199,-0.0936124175786972,0.3020813465118408,0.416526734828949,0.7344334721565247,-0.028568701818585396,0.9991987347602844,0.3964455723762512,0.7595387101173401,0.028537293896079063,0.9987096786499023,0.4586665630340576,0.7227395176887512,-0.06597433239221573,0.7046823501586914,0.4312678277492523,0.7415022253990173,-0.014211761765182018,0.4293215870857239,0.5180909037590027,0.7424569725990295,0.05084380507469177,0.5331083536148071,0.4989597201347351,0.7540257573127747,0.11869391053915024,0.39961427450180054
0.33401766419410706,0.6570738554000854,-0.12329613417387009,0.9993916153907776,0.3072478473186493,0.7140068411827087,-0.02661845274269581,0.9973397850990295,0.3922971785068512,0.6751534342765808,-0.1264132708311081,0.773402750492096,0.35058626532554626,0.7485776543617249,-0.019296756014227867,0.20034758746623993,0.42035096883773804,0.7163668274879456,-0.17023730278015137,0.6421746015548706,0.3698534667491913,0.7447218298912048,-0.08832000195980072,0.29556533694267273,0.4164580702781677,0.7312607765197754,-0.024319665506482124,0.9991205930709839,0.39878159761428833,0.7570257186889648,0.024311600252985954,0.9985702037811279,0.46134909987449646,0.7181178331375122,-0.059043098241090775,0.6647268533706665,0.4522959589958191,0.7412163615226746,-0.0036665217485278845,0.41195136308670044,0.5145860910415649,0.7383036017417908,0.07794862985610962,0.506025493144989,0.5164569616317749,0.7539611458778381,0.12716767191886902,0.39368441700935364
0.3362560272216797,0.6548267006874084,-0.12255191057920456,0.9993947148323059,0.30746933817863464,0.7096666693687439,-0.04408246651291847,0.9973564743995667,0.39297565817832947,0.6753438115119934,-0.11922164261341095,0.7688201069831848,0.3513331711292267,0.7477729916572571,-0.021803060546517372,0.1980932205915451,0.41909727454185486,0.7162671089172363,-0.15118639171123505,0.6252816915512085,0.37100592255592346,0.7429285049438477,-0.0686262771487236,0.2903377413749695,0.4164934456348419,0.72781902551651,-0.025252550840377808,0.99904465675354,0.3994370102882385,0.7505286335945129,0.025194203481078148,0.9984378218650818,0.4283750653266907,0.7054471969604492,-0.050137072801589966,0.6445236802101135,0.41505059599876404,0.7339486479759216,0.020122194662690163,0.4028393626213074,0.4572668671607971,0.742549479007721,0.0760873407125473,0.48247694969177246,0.4572964012622833,0.7526116967201233,0.13603529334068298,0.3768789768218994
0.3355586528778076,0.653841495513916,-0.1287621408700943,0.9993873834609985,0.307443767786026,0.7053535580635071,-0.03941861912608147,0.9973578453063965,0.39300337433815,0.6759482622146606,-0.12829630076885223,0.7686265707015991,0.34891486167907715,0.7428947687149048,-0.0277653019875288,0.1978691816329956,0.41501927375793457,0.7155061364173889,-0.15771234035491943,0.619073748588562,0.36842769384384155,0.7414430975914001,-0.08054888248443604,0.29551976919174194,0.41526952385902405,0.723549485206604,-0.02694040536880493,0.998970091342926,0.39918655157089233,0.745762050151825,0.02695695124566555,0.9983211159706116,0.4083898365497589,0.6907247304916382,-0.06318344920873642,0.6365221738815308,0.3928922116756439,0.7294993996620178,0.02556312456727028,0.39618220925331116,0.45505329966545105,0.7391186952590942,0.03656879812479019,0.48552948236465454,0.4499610364437103,0.7493764758110046,0.11358299106359482,0.37941470742225647
0.3355061411857605,0.6541215777397156,-0.13977102935314178,0.9993807673454285,0.30707719922065735,0.702639102935791,-0.008333715610206127,0.9973931312561035,0.3956204950809479,0.6764506101608276,-0.13837264478206635,0.7679308652877808,0.3478703796863556,0.7401710748672485,0.02933783456683159,0.1920880824327469,0.4079038202762604,0.7181856036186218,-0.13690020143985748,0.6202905178070068,0.3660005033016205,0.7405263781547546,-0.004128747154027224,0.2917833626270294,0.41523289680480957,0.7246297597885132,-0.04784870892763138,0.998815655708313,0.39812663197517395,0.7466187477111816,0.04782829433679581,0.9980672597885132,0.359795480966568,0.6715049147605896,-0.06943274289369583,0.6317572593688965,0.3245687186717987,0.7254476547241211,0.09035982936620712,0.3817337453365326,0.3787817358970642,0.7205274701118469,0.02505924366414547,0.4538491368293762,0.3592700660228729,0.7244446873664856,0.1138385459780693,0.35965967178344727
0.33832550048828125,0.6567445993423462,-0.1779131144285202,0.9994015693664551,0.308777779340744,0.6960514783859253,-0.02387305162847042,0.9975792169570923,0.3990524411201477,0.6794297099113464,-0.17823849618434906,0.7820491790771484,0.3458165228366852,0.7351687550544739,0.015415742062032223,0.19696031510829926,0.39969053864479065,0.726642906665802,-0.15361130237579346,0.6500730514526367,0.36161258816719055,0.7418985962867737,-0.018582414835691452,0.3111949563026428,0.4147105813026428,0.7199556231498718,-0.05451463907957077,0.9980587959289551,0.3952923119068146,0.7400050759315491,0.0546104870736599,0.9973905682563782,0.35099703073501587,0.6527371406555176,-0.07027046382427216,0.6503300070762634,0.31415513157844543,0.7116910815238953,0.09921145439147949,0.36361977458000183,0.33167487382888794,0.6920091509819031,0.03164776787161827,0.43489763140678406,0.3161194920539856,0.7006121873855591,0.1325809508562088,0.35480281710624695
0.34436991810798645,0.6569069027900696,-0.18735374510288239,0.9994121193885803,0.31126484274864197,0.6927141547203064,-0.06821967661380768,0.9976946115493774,0.3988806903362274,0.6794697046279907,-0.19317348301410675,0.7889507412910461,0.3431151211261749,0.7269963622093201,-0.029499275609850883,0.20698170363903046,0.4000079333782196,0.7247278094291687,-0.19608013331890106,0.6730201840400696,0.3485197424888611,0.7253543138504028,-0.05103403329849243,0.3379669487476349,0.41470867395401,0.713065505027771,-0.04963330551981926,0.9980858564376831,0.3926515579223633,0.7339590787887573,0.049670252948999405,0.9974031448364258,0.3638673424720764,0.6496548056602478,-0.07317505031824112,0.6691014766693115,0.31168505549430847,0.713804304599762,0.06711643189191818,0.36781617999076843,0.3518378436565399,0.6888086199760437,0.006075028795748949,0.42529094219207764,0.3180425763130188,0.689348578453064,0.05909624323248863,0.3574545085430145
0.3315556049346924,0.657722532749176,-0.05353197082877159,0.9994485974311829,0.3115074038505554,0.6937595009803772,0.09959571063518524,0.9977380633354187,0.3877162039279938,0.6812958717346191,-0.06959641724824905,0.7828845381736755,0.34407854080200195,0.7285500764846802,0.11333981901407242,0.1973997801542282,0.389787495136261,0.7237966656684875,-0.059297554194927216,0.693088173866272,0.3497271239757538,0.7269495725631714,0.07718398422002792,0.3289732038974762,0.4140675961971283,0.7153750658035278,-0.04937322810292244,0.9980772137641907,0.39498335123062134,0.7386602163314819,0.04942827299237251,0.9972888231277466,0.34724998474121094,0.64192134141922,-0.11849158257246017,0.6938023567199707,0.3126966059207916,0.7168087959289551,0.05416155606508255,0.38795918226242065,0.3617503046989441,0.6985491514205933,-0.13139262795448303,0.42372268438339233,0.3344840109348297,0.7028887867927551,-0.062413837760686874,0.3632815480232239
0.3371981978416443,0.6569147109985352,-0.09732673317193985,0.9994202256202698,0.31567808985710144,0.687809944152832,0.008832486346364021,0.9978829026222229,0.37664756178855896,0.6852987408638,-0.10922709852457047,0.7673619985580444,0.33522841334342957,0.7237974405288696,-0.0023546263109892607,0.20673130452632904,0.38713639974594116,0.7236948013305664,-0.11756470054388046,0.6907037496566772,0.33796337246894836,0.7237634062767029,-0.03602730110287666,0.3425818383693695,0.41350477933883667,0.7086105346679688,-0.03980159014463425,0.9978811144828796,0.39546218514442444,0.7284570932388306,0.03988512232899666,0.9972317218780518,0.35410675406455994,0.6466871500015259,-0.11762553453445435,0.701499879360199,0.3268110454082489,0.6984215974807739,0.020253051072359085,0.3808192014694214,0.32377105951309204,0.6892880797386169,-0.12406247109174728,0.424010306596756,0.30854061245918274,0.6915941834449768,-0.014661366119980812,0.35709148645401
0.3709773123264313,0.6300215125083923,-0.16128575801849365,0.9994619488716125,0.3217514157295227,0.6530404686927795,-0.10300998389720917,0.9980548024177551,0.38410329818725586,0.6880623698234558,-0.13490594923496246,0.7568224668502808,0.34608158469200134,0.7150008082389832,-0.08155059069395065,0.2327236831188202,0.3834993839263916,0.7336166501045227,-0.15636542439460754,0.6875190734863281,0.36032137274742126,0.7426216006278992,-0.11619531363248825,0.3643467426300049,0.4147631824016571,0.716273307800293,-0.018931614235043526,0.9980695247650146,0.38886579871177673,0.728576123714447,0.018757646903395653,0.9974609017372131,0.4527014195919037,0.682583212852478,-0.004331262316554785,0.6943510174751282,0.36119410395622253,0.7257100343704224,0.080315001308918,0.3860873878002167,0.44344982504844666,0.707671046257019,0.15204961597919464,0.42619988322257996,0.3846493363380432,0.7344473004341125,0.20805159211158752,0.35851460695266724
0.3751102089881897,0.6306864023208618,-0.1585424691438675,0.9994628429412842,0.31931430101394653,0.6556791663169861,-0.09893917292356491,0.9981479644775391,0.3873293101787567,0.6882492303848267,-0.15607498586177826,0.7419028878211975,0.32391276955604553,0.7171993255615234,-0.08124230802059174,0.2680121660232544,0.3814980983734131,0.7354087233543396,-0.19732330739498138,0.6778740882873535,0.32821187376976013,0.7523142695426941,-0.12260909378528595,0.379100501537323,0.41771242022514343,0.716363787651062,-0.018941180780529976,0.998224139213562,0.38800138235092163,0.7331844568252563,0.018776072189211845,0.9976361989974976,0.43713536858558655,0.6722627878189087,-0.18173016607761383,0.7092045545578003,0.32979920506477356,0.7400838732719421,-0.09879018366336823,0.4157833755016327,0.4424092471599579,0.7224505543708801,-0.09495985507965088,0.4483104348182678,0.3865305781364441,0.7339897155761719,-0.056301940232515335,0.36494535207748413
0.37513646483421326,0.6306660771369934,-0.1351204812526703,0.999488890171051,0.31705382466316223,0.656923234462738,-0.08992864936590195,0.9982771277427673,0.38958635926246643,0.6836240887641907,-0.13135561347007751,0.7269104719161987,0.31837910413742065,0.7171298265457153,-0.07367366552352905,0.3109974265098572,0.3854982554912567,0.7304515242576599,-0.17953836917877197,0.6695263981819153,0.3299332559108734,0.7509850859642029,-0.11247585713863373,0.4008569121360779,0.41823840141296387,0.7118583917617798,-0.01830454356968403,0.9983718991279602,0.3857017159461975,0.7328990697860718,0.018203748390078545,0.9978100061416626,0.42123180627822876,0.6688293218612671,-0.1827039271593094,0.7188087105751038,0.3290550708770752,0.7368600964546204,-0.0950436145067215,0.4387120008468628,0.44074001908302307,0.723896324634552,-0.10553520917892456,0.46773454546928406,0.3886380195617676,0.733593761920929,-0.05342313274741173,0.37431013584136963
0.3783572018146515,0.6310581564903259,-0.15320472419261932,0.9995038509368896,0.31618162989616394,0.6569598317146301,-0.12672872841358185,0.998426079750061,0.3908243477344513,0.6838366389274597,-0.14907673001289368,0.713650107383728,0.3206336796283722,0.7116085886955261,-0.11649779975414276,0.3729114234447479,0.3867814838886261,0.7290001511573792,-0.19924844801425934,0.6713524460792542,0.33237627148628235,0.7467767000198364,-0.16531479358673096,0.4514996111392975,0.4181689918041229,0.7099476456642151,-0.01778700202703476,0.9984725117683411,0.3804026246070862,0.7235294580459595,0.01771077886223793,0.9979631304740906,0.42308473587036133,0.679789662361145,-0.1610359400510788,0.717154324054718,0.3321200907230377,0.7357258796691895,-0.10376965254545212,0.4606000781059265,0.44471579790115356,0.7221322059631348,-0.04467850551009178,0.47332778573036194,0.39434024691581726,0.7314619421958923,-0.01708882488310337,0.38311710953712463
0.3790920674800873,0.6311956644058228,-0.17889608442783356,0.9995277523994446,0.3159610331058502,0.6568887829780579,-0.14359648525714874,0.998560905456543,0.39348235726356506,0.6841692924499512,-0.18061473965644836,0.7097931504249573,0.3211447596549988,0.7077008485794067,-0.13429518043994904,0.42841508984565735,0.3900905251502991,0.7288818955421448,-0.23094260692596436,0.6758062839508057,0.33120831847190857,0.7423878312110901,-0.17815986275672913,0.49609723687171936,0.41808176040649414,0.7055884003639221,-0.0177693422883749,0.9985892176628113,0.37959709763526917,0.7194343209266663,0.01768510229885578,0.9981245994567871,0.4280436038970947,0.6901131272315979,-0.17476485669612885,0.719634473323822,0.34368816018104553,0.7370223999023438,-0.11433287709951401,0.4828096628189087,0.4503973424434662,0.7207099199295044,-0.035384565591812134,0.47970864176750183,0.40498724579811096,0.7280062437057495,-0.000895212753675878,0.38690873980522156
0.37908315658569336,0.6315323114395142,-0.17629718780517578,0.9995542168617249,0.3160226345062256,0.6567940711975098,-0.1381576806306839,0.9986875057220459,0.39285963773727417,0.6836197972297668,-0.17202721536159515,0.7126888036727905,0.3191971480846405,0.7018408179283142,-0.12106537818908691,0.4782583713531494,0.38986703753471375,0.7289004921913147,-0.2156609147787094,0.6852567791938782,0.3285336494445801,0.7383758425712585,-0.16535353660583496,0.5371577739715576,0.41740256547927856,0.7032660245895386,-0.015761826187372208,0.9986761808395386,0.380073606967926,0.7177735567092896,0.0156480073928833,0.9982436299324036,0.4349978268146515,0.6897314190864563,-0.14346423745155334,0.7173643112182617,0.3551250100135803,0.7359272241592407,-0.10652104765176773,0.5095584988594055,0.46257275342941284,0.719631016254425,-0.04224362224340439,0.4991816580295563,0.4108295738697052,0.7245176434516907,0.009678618982434273,0.39356276392936707
0.37877583503723145,0.6315826177597046,-0.1722285896539688,0.9995794892311096,0.3161831498146057,0.6567196846008301,-0.1496656835079193,0.9988061785697937,0.39302733540534973,0.682987630367279,-0.16383174061775208,0.7086654901504517,0.31684884428977966,0.7020072340965271,-0.13795308768749237,0.5249271392822266,0.3927414119243622,0.7290379405021667,-0.2029632329940796,0.6918426752090454,0.32434648275375366,0.738442063331604,-0.17131772637367249,0.5777707695960999,0.4167232811450958,0.6989142298698425,-0.013179316185414791,0.9987903237342834,0.3804123103618622,0.7169957160949707,0.012972836382687092,0.9983981847763062,0.4276154339313507,0.6871139407157898,-0.075307197868824,0.7178037762641907,0.3573022484779358,0.7250670790672302,-0.028929833322763443,0.5222191214561462,0.44965335726737976,0.7113662958145142,0.0502091683447361,0.5094131827354431,0.40668854117393494,0.7243401408195496,0.1030757948756218,0.4011998772621155
0.37857553362846375,0.6315526962280273,-0.1702682077884674,0.9995725154876709,0.3161892592906952,0.6566634178161621,-0.14616094529628754,0.9989012479782104,0.39334994554519653,0.68216472864151,-0.1641540676355362,0.703123927116394,0.31495100259780884,0.7034146189689636,-0.13874183595180511,0.5662201046943665,0.3939498960971832,0.728119432926178,-0.2074744701385498,0.6903577446937561,0.3249422609806061,0.7381256222724915,-0.18105873465538025,0.6111746430397034,0.4170626103878021,0.6976007223129272,-0.011505664326250553,0.9988747239112854,0.3811338245868683,0.7179669737815857,0.011349158361554146,0.9985345005989075,0.4352169334888458,0.6864472031593323,-0.12299828231334686,0.7254473567008972,0.35683465003967285,0.7256641983985901,-0.10557429492473602,0.5481800436973572,0.44423002004623413,0.7114924192428589,0.025220703333616257,0.507637619972229,0.409030020236969,0.7239030599594116,-0.006122385151684284,0.4140135943889618
0.3788204789161682,0.6337567567825317,-0.17709068953990936,0.9995598196983337,0.31608644127845764,0.6568969488143921,-0.15266969799995422,0.9989924430847168,0.395638644695282,0.6829933524131775,-0.17415066063404083,0.7157148122787476,0.3158944547176361,0.7031456232070923,-0.1404443085193634,0.6065969467163086,0.3941502869129181,0.7300178408622742,-0.2134840041399002,0.7049575448036194,0.3267818093299866,0.7353898882865906,-0.17906008660793304,0.645820677280426,0.41428127884864807,0.6973716020584106,-0.011403786018490791,0.9989502429962158,0.38134902715682983,0.7162500619888306,0.01124801579862833,0.9986616969108582,0.4353613555431366,0.688380241394043,-0.14526323974132538,0.7393200993537903,0.3552455008029938,0.7287420630455017,-0.1457090824842453,0.5794069170951843,0.4230889678001404,0.7255282998085022,0.006073933560401201,0.5208454132080078,0.41897860169410706,0.7218054533004761,-0.0577220618724823,0.4405391216278076
0.378892183303833,0.6345773935317993,-0.20107868313789368,0.9995689988136292,0.3155643045902252,0.6568583846092224,-0.1718335598707199,0.9990644454956055,0.3967081606388092,0.6831350326538086,-0.19687215983867645,0.7277052402496338,0.31582584977149963,0.7011464834213257,-0.15150557458400726,0.6417107582092285,0.39541998505592346,0.7299067378044128,-0.23782159388065338,0.718845546245575,0.32466521859169006,0.7338293194770813,-0.18778710067272186,0.6755477786064148,0.4136509597301483,0.6959924697875977,-0.01181113999336958,0.9990171194076538,0.37824487686157227,0.7120631337165833,0.01165703497827053,0.9987640976905823,0.4329645037651062,0.693974494934082,-0.15193426609039307,0.7449094653129578,0.35506516695022583,0.7286694645881653,-0.11917098611593246,0.5957067608833313,0.4203055202960968,0.7289708256721497,0.008133337832987309,0.520861029624939,0.41788873076438904,0.7208500504493713,-0.016706379130482674,0.45498958230018616
0.3787263035774231,0.635362982749939,-0.2387302666902542,0.9995824098587036,0.3156242370605469,0.656859278678894,-0.18640877306461334,0.9991192817687988,0.39660802483558655,0.6831700205802917,-0.23538973927497864,0.7416718006134033,0.3152461647987366,0.7003596425056458,-0.14308859407901764,0.670014500617981,0.39484739303588867,0.7337397336959839,-0.2711990773677826,0.7328649759292603,0.31978556513786316,0.7344101667404175,-0.11750105768442154,0.700890839099884,0.4132837951183319,0.6910600662231445,-0.01199357770383358,0.9991018772125244,0.37774938344955444,0.7071428298950195,0.011838039383292198,0.9988701343536377,0.4392431378364563,0.7031980752944946,-0.11589542776346207,0.7522191405296326,0.3636789321899414,0.7336546778678894,-0.09984825551509857,0.6059029698371887,0.4419361650943756,0.7267829179763794,0.07639244943857193,0.5247812271118164,0.4146254360675812,0.7214322686195374,0.06802619248628616,0.45899301767349243
0.3789288103580475,0.6362730264663696,-0.25379082560539246,0.9996117353439331,0.31562379002571106,0.6568799018859863,-0.18486474454402924,0.9991982579231262,0.39791011810302734,0.6843311190605164,-0.252809077501297,0.7575362920761108,0.3156045377254486,0.7009763121604919,-0.13598866760730743,0.6949019432067871,0.39445313811302185,0.7347036004066467,-0.2894863486289978,0.7465679049491882,0.32246559858322144,0.7341108322143555,-0.1331569105386734,0.7232043743133545,0.4132378101348877,0.6932684779167175,-0.016612166538834572,0.999180018901825,0.37509840726852417,0.7045532464981079,0.01657494343817234,0.9989660382270813,0.4380938410758972,0.70735102891922,-0.1493375301361084,0.7584539651870728,0.32939377427101135,0.7240899801254272,-0.08461423218250275,0.6172042489051819,0.4000367224216461,0.7231930494308472,0.03946564719080925,0.5186140537261963,0.3584655225276947,0.7088040709495544,0.03972727432847023,0.4578779935836792
0.38000252842903137,0.6396774053573608,-0.24969105422496796,0.9996084570884705,0.31433767080307007,0.6612997651100159,-0.18709732592105865,0.9992157816886902,0.4002772867679596,0.6899365782737732,-0.23632319271564484,0.7684382200241089,0.31662386655807495,0.7100797295570374,-0.13271623849868774,0.7087377905845642,0.39474669098854065,0.7357133626937866,-0.26155582070350647,0.7484062314033508,0.32385116815567017,0.7342099547386169,-0.1365043669939041,0.7303025722503662,0.41327914595603943,0.6937903761863708,-0.016193104907870293,0.9992321729660034,0.37610697746276855,0.7059918642044067,0.016141222789883614,0.9990208148956299,0.444886177778244,0.7030128240585327,-0.11434898525476456,0.7451297640800476,0.3603932559490204,0.7268974184989929,-0.06758483499288559,0.6077911853790283,0.42548614740371704,0.7230682373046875,0.08768198639154434,0.49991366267204285,0.38534197211265564,0.7237057089805603,0.08413264900445938,0.4467857778072357
0.38038673996925354,0.6428484320640564,-0.254548043012619,0.9995772242546082,0.31290099024772644,0.6655721664428711,-0.21210496127605438,0.9992067217826843,0.40189051628112793,0.691828191280365,-0.25425341725349426,0.7768053412437439,0.31580284237861633,0.7139376997947693,-0.19897933304309845,0.7268673777580261,0.3950008749961853,0.7390936017036438,-0.2885276675224304,0.7543309926986694,0.3149155080318451,0.7236895561218262,-0.24559830129146576,0.7439199686050415,0.4126395285129547,0.6949321627616882,-0.010770926252007484,0.999249279499054,0.376617968082428,0.7102538347244263,0.01068101916462183,0.9990476965904236,0.43951961398124695,0.6918366551399231,-0.11496644467115402,0.746253252029419,0.36830228567123413,0.7296066284179688,-0.09362483769655228,0.6109446883201599,0.4244387149810791,0.7255633473396301,0.061181873083114624,0.5063732862472534,0.4173445701599121,0.7217799425125122,0.044916681945323944,0.4576694667339325
0.36976394057273865,0.641592800617218,-0.1863345354795456,0.9996057152748108,0.31026366353034973,0.6688040494918823,-0.1294424682855606,0.9992580413818359,0.39795297384262085,0.6910390853881836,-0.1763937920331955,0.7735394239425659,0.31643083691596985,0.7134581804275513,-0.13509248197078705,0.7261976599693298,0.3949185311794281,0.7347385287284851,-0.2170792520046234,0.7508628368377686,0.3167453706264496,0.7097267508506775,-0.20120012760162354,0.7425758838653564,0.4105021357536316,0.6982002854347229,-0.01265125535428524,0.9993060231208801,0.3754977881908417,0.718000054359436,0.012615391053259373,0.9991015195846558,0.4395909607410431,0.676806628704071,-0.14742818474769592,0.7522230744361877,0.3251264691352844,0.73003751039505,-0.09084147959947586,0.6277065277099609,0.4021779000759125,0.7200802564620972,-0.03927180916070938,0.5131673812866211,0.362623929977417,0.7085588574409485,-0.043950747698545456,0.4545953571796417
0.37117260694503784,0.6463472247123718,-0.2052268087863922,0.9996416568756104,0.31057024002075195,0.6742776036262512,-0.15884673595428467,0.9993218779563904,0.4019724428653717,0.6935666799545288,-0.20623601973056793,0.7805442214012146,0.3148110508918762,0.7169650793075562,-0.20025178790092468,0.741915762424469,0.40329402685165405,0.7336042523384094,-0.24510575830936432,0.7577236294746399,0.3098314702510834,0.6987643241882324,-0.2908537685871124,0.7583518624305725,0.40930503606796265,0.7028457522392273,-0.012839501723647118,0.9993646144866943,0.374889075756073,0.7187744379043579,0.012829273007810116,0.9991579651832581,0.43001964688301086,0.6796954274177551,-0.14454635977745056,0.7553735971450806,0.3193902373313904,0.7181068658828735,-0.05534530431032181,0.6213021874427795,0.3730471134185791,0.7114929556846619,-0.05167623609304428,0.5221453309059143,0.3271659314632416,0.698300302028656,-0.021627437323331833,0.4462336599826813
0.36893415451049805,0.6489114761352539,-0.20213952660560608,0.9996626973152161,0.3098902106285095,0.68430095911026,-0.16952526569366455,0.9993419051170349,0.40687867999076843,0.6927419900894165,-0.19908876717090607,0.7931928634643555,0.3238871693611145,0.7292093634605408,-0.1714795082807541,0.7536879181861877,0.4139401614665985,0.7312358617782593,-0.24676208198070526,0.7652930021286011,0.34585335850715637,0.7103930711746216,-0.2295442372560501,0.7641412019729614,0.40784522891044617,0.7085562348365784,-0.007746017538011074,0.9993982911109924,0.37494635581970215,0.7325743436813354,0.007731672842055559,0.9991838932037354,0.4417141079902649,0.6805083155632019,-0.12654779851436615,0.7362547516822815,0.36154261231422424,0.7389302849769592,-0.1035672053694725,0.6198328137397766,0.43766334652900696,0.7253209352493286,0.025745945051312447,0.5074101090431213,0.40471455454826355,0.7317784428596497,-0.004401675425469875,0.4446108937263489
0.3699941635131836,0.6534441113471985,-0.21429215371608734,0.9996793270111084,0.30947309732437134,0.6952890753746033,-0.17902207374572754,0.9993135929107666,0.41066810488700867,0.6940280199050903,-0.20538604259490967,0.8047022223472595,0.332905113697052,0.7382259964942932,-0.1603626012802124,0.7579593658447266,0.4182094931602478,0.7321821451187134,-0.24650177359580994,0.774620532989502,0.3664390742778778,0.7303705215454102,-0.18777669966220856,0.7578049898147583,0.4053134024143219,0.7085613012313843,-0.006020338740199804,0.999441921710968,0.37461572885513306,0.7349902987480164,0.006046578288078308,0.9992228746414185,0.4495527148246765,0.6892701387405396,-0.12884297966957092,0.7270402908325195,0.3655283451080322,0.7503398656845093,-0.12689432501792908,0.6270656585693359,0.4502463638782501,0.7401326894760132,0.023551497608423233,0.5030813217163086,0.4197686016559601,0.7288767695426941,-0.03198929503560066,0.4374772906303406
0.32666096091270447,0.6663777232170105,-0.10498543828725815,0.9996865391731262,0.30476680397987366,0.7187997102737427,0.007231154479086399,0.9993037581443787,0.38268446922302246,0.6778649091720581,-0.10445443540811539,0.8112118244171143,0.36239030957221985,0.7316777110099792,0.03947672247886658,0.7172151803970337,0.41653990745544434,0.701330840587616,-0.15949919819831848,0.7637113332748413,0.3757760226726532,0.723026692867279,-0.030730323866009712,0.7238714694976807,0.4278968274593353,0.7018471956253052,-0.042673517018556595,0.9994331002235413,0.41548651456832886,0.7350797057151794,0.04274962469935417,0.9992009997367859,0.48958620429039,0.7038224935531616,-0.16556689143180847,0.7105949521064758,0.4482188820838928,0.7395520210266113,-0.12148459255695343,0.6069828271865845,0.5724756121635437,0.7017373442649841,-0.06747198849916458,0.5105107426643372,0.539240837097168,0.7339156866073608,-0.006774771027266979,0.43897372484207153
0.3274531364440918,0.6657143831253052,-0.11781143397092819,0.999677300453186,0.30649855732917786,0.7232145071029663,-0.11111705750226974,0.999354898929596,0.38315460085868835,0.679440975189209,-0.10156058520078659,0.8092601895332336,0.36678650975227356,0.7444230318069458,-0.09801311045885086,0.7350772619247437,0.4186495840549469,0.702923595905304,-0.17453108727931976,0.7451701760292053,0.404718816280365,0.7264569997787476,-0.16938404738903046,0.7364126443862915,0.42811891436576843,0.699388861656189,-0.021370768547058105,0.9992679953575134,0.4183329939842224,0.7353540658950806,0.02135683037340641,0.999091386795044,0.49351415038108826,0.6987702250480652,-0.056703098118305206,0.6926703453063965,0.4879024624824524,0.7324711680412292,-0.0578441321849823,0.5983386039733887,0.5766541361808777,0.6996201276779175,0.0657617524266243,0.5164284706115723,0.5699540376663208,0.7286783456802368,0.09588705748319626,0.4544086456298828
0.3274577558040619,0.6664943695068359,-0.033330392092466354,0.9995809197425842,0.3060150146484375,0.7233921885490417,-0.08750253915786743,0.9993827939033508,0.3794625401496887,0.6850250363349915,-0.018091294914484024,0.7757375836372375,0.3563400208950043,0.7476049661636353,-0.09233301877975464,0.7528394460678101,0.41833028197288513,0.7006202936172485,-0.1262146681547165,0.7106912732124329,0.399522066116333,0.7286635637283325,-0.16981574892997742,0.7502346634864807,0.42595717310905457,0.6995388865470886,0.004120359662920237,0.9988431334495544,0.4181172847747803,0.7357236742973328,-0.004039539489895105,0.9987406134605408,0.48865291476249695,0.697626531124115,-0.03792135789990425,0.669736385345459,0.4867473542690277,0.7292360663414001,-0.06612790375947952,0.5918332934379578,0.5692107677459717,0.7066976428031921,0.08306910842657089,0.5122727751731873,0.5669055581092834,0.7291019558906555,0.0707976296544075,0.4728408455848694
0.32735809683799744,0.669618546962738,-0.013026624917984009,0.9991508722305298,0.30414724349975586,0.7244588136672974,-0.06537066400051117,0.9992454648017883,0.37382984161376953,0.6876915693283081,-0.034070003777742386,0.732061505317688,0.3472279906272888,0.7460945844650269,-0.12810130417346954,0.7514687180519104,0.38198405504226685,0.7008479237556458,-0.14536698162555695,0.6819337606430054,0.34258392453193665,0.7231429219245911,-0.2501251697540283,0.7587534189224243,0.42491135001182556,0.7006261944770813,0.015850044786930084,0.9986597299575806,0.4172164797782898,0.7371730208396912,-0.015924418345093727,0.9985789060592651,0.4564579129219055,0.6827055811882019,-0.08128947764635086,0.6721267104148865,0.4332696795463562,0.7294859290122986,-0.15072481334209442,0.6051274538040161,0.4758222997188568,0.7054799795150757,0.06087079644203186,0.49460655450820923,0.4768628776073456,0.7223502397537231,-0.0044545563869178295,0.4819066822528839
0.3269919455051422,0.6727977395057678,-0.011820338666439056,0.9987449049949646,0.3029120862483978,0.7242329716682434,-0.11251900345087051,0.9992290139198303,0.3701382279396057,0.6865333318710327,-0.018383054062724113,0.6816291213035583,0.3464808166027069,0.745703399181366,-0.17085616290569305,0.7603899836540222,0.35505440831184387,0.7001670598983765,-0.12404441833496094,0.655369758605957,0.34443405270576477,0.7225568890571594,-0.24623240530490875,0.7731522917747498,0.42311424016952515,0.7022314071655273,0.031640585511922836,0.9985359907150269,0.41710567474365234,0.737148642539978,-0.03182163089513779,0.9984713792800903,0.44208911061286926,0.6734638810157776,-0.04603495076298714,0.6634779572486877,0.4298093914985657,0.7196164131164551,-0.1313391476869583,0.6017735600471497,0.45942631363868713,0.702065646648407,0.11333519965410233,0.4704447388648987,0.4657759368419647,0.7178438305854797,0.03405243903398514,0.47728559374809265
0.3264169991016388,0.6824332475662231,0.09234883636236191,0.998638391494751,0.30340376496315,0.7241618037223816,-0.14018750190734863,0.9992991089820862,0.3702346980571747,0.6943602561950684,0.1274912804365158,0.6170822978019714,0.34680381417274475,0.7451218366622925,-0.16610777378082275,0.7781388759613037,0.3792259395122528,0.7009631991386414,0.03556770086288452,0.597305178642273,0.36859628558158875,0.7261983752250671,-0.1760733276605606,0.7856338620185852,0.419240802526474,0.7022773623466492,0.07749257236719131,0.998479425907135,0.4195477068424225,0.7328104972839355,-0.07750119268894196,0.9985483288764954,0.42325490713119507,0.6347407698631287,0.0634676143527031,0.6614400744438171,0.4353054463863373,0.693672239780426,-0.12549425661563873,0.6357060074806213,0.42975571751594543,0.6130256652832031,0.0933900848031044,0.4877969026565552,0.4818936884403229,0.6553040146827698,-0.06170632317662239,0.5231780409812927
0.32352858781814575,0.6919489502906799,0.09027010947465897,0.9987006783485413,0.3115551769733429,0.7243367433547974,-0.1768139898777008,0.999367356300354,0.3716675937175751,0.700305163860321,0.13644559681415558,0.5578015446662903,0.3695383667945862,0.7443837523460388,-0.2029597908258438,0.7936331033706665,0.3805393576622009,0.7008262276649475,0.07052748650312424,0.5412857532501221,0.4007507264614105,0.7227749228477478,-0.18157291412353516,0.7911490201950073,0.41990068554878235,0.7067267298698425,0.08085141330957413,0.998566210269928,0.4293404519557953,0.7329798340797424,-0.08083086460828781,0.9986659288406372,0.4179063141345978,0.6357913613319397,0.047726720571517944,0.6701899766921997,0.4709276854991913,0.6889304518699646,-0.07604628801345825,0.6624884605407715,0.4261181950569153,0.5758228898048401,0.055387455970048904,0.509099006652832,0.49916109442710876,0.659761369228363,0.04890817031264305,0.5446298718452454
0.32301458716392517,0.6971303224563599,0.08902373164892197,0.9987658262252808,0.3174388110637665,0.7231788039207458,-0.17188267409801483,0.999428927898407,0.37187060713768005,0.6998769044876099,0.14741834998130798,0.504389226436615,0.3806392252445221,0.740805447101593,-0.19377732276916504,0.804106593132019,0.3841743767261505,0.6985820531845093,0.10470663011074066,0.49078357219696045,0.41338130831718445,0.7076054811477661,-0.1647249162197113,0.7933520674705505,0.42022815346717834,0.7068050503730774,0.07668463885784149,0.9986516237258911,0.4318167269229889,0.7306541800498962,-0.07673288136720657,0.9987761378288269,0.41864460706710815,0.629978597164154,0.05273462459445,0.6548600196838379,0.4681938588619232,0.6763685345649719,-0.08160971850156784,0.6780620217323303,0.4146822988986969,0.5613566040992737,0.054292015731334686,0.5124444365501404,0.4778801500797272,0.6309968829154968,0.033329762518405914,0.5595264434814453
0.32319143414497375,0.6934046149253845,0.09043847769498825,0.9988252520561218,0.31527072191238403,0.7248431444168091,-0.16425342857837677,0.9994837641716003,0.37827298045158386,0.7002135515213013,0.13353802263736725,0.4587545692920685,0.3774462640285492,0.7412137985229492,-0.2010551393032074,0.8212330937385559,0.40650495886802673,0.6976810097694397,0.06340302526950836,0.4514693319797516,0.41832324862480164,0.7111791968345642,-0.2086828649044037,0.8067946434020996,0.427627295255661,0.7064671516418457,0.08080386370420456,0.9986464381217957,0.4356232285499573,0.7311285138130188,-0.08082103729248047,0.9988067746162415,0.46154138445854187,0.6479486227035522,0.052644699811935425,0.6396746039390564,0.4999709725379944,0.6887974739074707,-0.1028665229678154,0.6926208138465881,0.526147186756134,0.6270499229431152,0.14243750274181366,0.5089221596717834,0.5721736550331116,0.7031449675559998,0.026383813470602036,0.5803084373474121
0.3278510272502899,0.6901874542236328,0.11182326823472977,0.9987689256668091,0.32061687111854553,0.7182965278625488,-0.14344428479671478,0.9995260238647461,0.3865732252597809,0.6990936994552612,0.14812351763248444,0.416581392288208,0.3883625566959381,0.7352253198623657,-0.17337466776371002,0.834311306476593,0.41334524750709534,0.6956753730773926,0.06659192591905594,0.4163004159927368,0.4272589087486267,0.7028205990791321,-0.18189768493175507,0.8160589337348938,0.433575838804245,0.7063557505607605,0.07739826291799545,0.9981992244720459,0.43784287571907043,0.7255940437316895,-0.07740937918424606,0.998582661151886,0.4867260754108429,0.6532982587814331,0.020512163639068604,0.5944626331329346,0.5044621825218201,0.6794635653495789,-0.16924922168254852,0.6861492991447449,0.5655579566955566,0.6620977520942688,0.05297810956835747,0.48713716864585876,0.5874232053756714,0.6999497413635254,-0.11044181883335114,0.581665575504303
