keypoints,rep_count
"[4, 214, 2, 1, 218, 2, -3, 217, 0, 0, 0, 0, 0, 0, 0, 27, 208, 2, 0, 207, 1, 47, 198, 2, -1, 195, 0, 43, 220, 2, -3, 216, 1, 40, 197, 1, 25, 195, 2, 55, 195, 2, 38, 193, 1, 66, 184, 2, 50, 183, 2]",0.015919284797390913
"[4, 214, 2, 1, 219, 2, -3, 218, 0, 0, 0, 0, 0, 0, 0, 27, 209, 2, 0, 207, 1, 47, 198, 2, -1, 195, 0, 43, 220, 2, -3, 216, 1, 40, 197, 1, 26, 195, 2, 55, 195, 2, 38, 193, 1, 66, 184, 2, 50, 183, 2]",0.032024365602149184
"[4, 214, 2, 1, 219, 2, -3, 218, 0, 0, 0, 0, 0, 0, 0, 26, 209, 2, 0, 208, 1, 47, 198, 2, -1, 195, 0, 43, 220, 2, -3, 216, 1, 40, 197, 1, 26, 195, 2, 55, 195, 2, 38, 193, 1, 66, 184, 2, 50, 183, 2]",0.048315270452519925
"[4, 214, 2, 1, 219, 2, -3, 218, 0, 0, 0, 0, 0, 0, 0, 26, 209, 2, 0, 207, 1, 46, 198, 2, -2, 195, 0, 43, 220, 2, -3, 216, 1, 40, 197, 1, 26, 195, 2, 55, 195, 2, 38, 193, 1, 65, 184, 2, 50, 183, 2]",0.06479205542499336
"[4, 214, 2, 1, 219, 2, -3, 218, 0, 0, 0, 0, 0, 0, 0, 26, 209, 2, 0, 207, 1, 47, 198, 2, -2, 195, 0, 43, 220, 2, -3, 216, 1, 40, 197, 1, 26, 195, 2, 55, 195, 2, 38, 193, 1, 65, 184, 2, 50, 183, 2]",0.08145480463430481
"[4, 214, 2, 1, 218, 2, -3, 218, 0, 0, 0, 0, 0, 0, 0, 26, 208, 2, 0, 207, 1, 47, 198, 2, -2, 195, 0, 43, 220, 2, -3, 216, 1, 40, 197, 1, 26, 195, 2, 55, 194, 2, 38, 193, 1, 65, 184, 2, 50, 183, 2]",0.09830363023343472
"[4, 213, 2, 1, 218, 2, -3, 217, 0, 0, 0, 0, 0, 0, 0, 27, 208, 2, 0, 206, 1, 47, 198, 2, -2, 195, 0, 43, 220, 2, -3, 216, 1, 40, 197, 1, 26, 194, 2, 55, 194, 2, 38, 192, 1, 65, 184, 2, 50, 183, 2]",0.11533867241360864
"[4, 212, 2, 1, 217, 2, -3, 216, 0, 0, 0, 0, 0, 0, 0, 27, 207, 2, 0, 205, 1, 48, 198, 2, -3, 195, 0, 43, 220, 2, -3, 216, 1, 41, 196, 1, 26, 194, 1, 55, 193, 2, 38, 192, 1, 65, 184, 2, 50, 183, 2]",0.13256009940429722
"[4, 210, 2, 1, 215, 2, -2, 214, 0, 0, 0, 0, 0, 0, 0, 27, 206, 2, 0, 204, 1, 48, 199, 2, -3, 195, 0, 43, 220, 2, -3, 216, 1, 41, 196, 2, 26, 194, 1, 55, 193, 2, 38, 192, 1, 65, 184, 2, 50, 183, 2]",0.14996810747321623
"[4, 208, 2, 2, 213, 2, -2, 212, 0, 0, 0, 0, 0, 0, 0, 27, 205, 2, 0, 202, 1, 48, 199, 2, -3, 195, 0, 43, 220, 2, -3, 216, 0, 41, 195, 2, 26, 193, 1, 55, 192, 2, 38, 191, 1, 65, 184, 2, 50, 183, 2]",0.16756292092632655
"[4, 206, 2, 2, 211, 2, -2, 210, 0, 0, 0, 0, 0, 0, 0, 27, 203, 2, 1, 200, 1, 48, 199, 2, -4, 195, 0, 43, 220, 2, -3, 216, 0, 41, 194, 2, 26, 192, 1, 55, 192, 2, 39, 190, 1, 65, 184, 2, 51, 183, 2]",0.18534479210783417
"[5, 205, 2, 2, 209, 2, -2, 209, 0, 0, 0, 0, 0, 0, 0, 27, 202, 2, 1, 199, 1, 48, 199, 2, -4, 195, 0, 43, 220, 2, -3, 216, 0, 41, 193, 2, 26, 191, 1, 55, 191, 2, 39, 190, 1, 65, 184, 2, 51, 183, 2]",0.20331400140019015
"[5, 203, 2, 2, 207, 2, -2, 207, 0, 0, 0, 0, 0, 0, 0, 27, 201, 2, 1, 197, 1, 49, 199, 2, -4, 195, 0, 43, 220, 2, -3, 216, 0, 41, 192, 2, 27, 190, 1, 56, 190, 2, 39, 189, 1, 66, 184, 2, 51, 183, 2]",0.2214708572240907
"[5, 200, 2, 2, 205, 2, -1, 204, 0, 0, 0, 0, 0, 0, 0, 27, 199, 2, 1, 195, 1, 49, 199, 2, -4, 195, 0, 43, 220, 2, -3, 216, 0, 42, 190, 2, 27, 188, 1, 56, 190, 2, 39, 188, 1, 66, 184, 2, 51, 183, 2]",0.23981569603847722
"[5, 198, 2, 2, 203, 2, -1, 202, 0, 0, 0, 0, 0, 0, 0, 27, 198, 2, 1, 194, 1, 49, 199, 2, -5, 195, 1, 43, 220, 2, -3, 216, 0, 42, 189, 2, 27, 187, 1, 56, 189, 2, 39, 187, 1, 66, 184, 2, 51, 183, 2]",0.25834888234053605
"[5, 196, 2, 3, 201, 2, -1, 200, 0, 0, 0, 0, 0, 0, 0, 27, 196, 2, 2, 192, 1, 49, 199, 2, -5, 195, 0, 43, 220, 2, -3, 216, 0, 42, 187, 2, 27, 185, 1, 56, 188, 2, 39, 187, 1, 66, 184, 2, 51, 183, 2]",0.2770708086656987
"[6, 193, 2, 3, 198, 2, -1, 197, 0, 0, 0, 0, 0, 0, 0, 28, 194, 2, 2, 190, 1, 49, 199, 2, -5, 195, 0, 43, 220, 2, -3, 216, 0, 42, 186, 2, 28, 184, 1, 56, 187, 2, 40, 186, 1, 66, 183, 2, 51, 183, 1]",0.29598189558764193
"[6, 190, 2, 3, 195, 2, 0, 194, 0, 0, 0, 0, 0, 0, 0, 28, 192, 2, 2, 188, 1, 49, 199, 2, -4, 195, 0, 43, 220, 2, -3, 216, 0, 43, 184, 2, 28, 182, 1, 56, 187, 2, 40, 185, 1, 66, 183, 2, 52, 182, 1]",0.31508259171828734
"[7, 188, 2, 4, 193, 2, 0, 192, 0, 0, 0, 0, 0, 0, 0, 28, 190, 2, 3, 186, 1, 48, 199, 2, -4, 195, 0, 43, 220, 2, -3, 216, 0, 43, 183, 2, 28, 181, 1, 56, 186, 2, 40, 184, 1, 66, 183, 2, 52, 182, 1]",0.3343733737078019
"[7, 185, 2, 4, 190, 2, 0, 189, 2, 0, 0, 0, 0, 0, 0, 29, 189, 2, 3, 184, 1, 48, 199, 2, -4, 195, 0, 43, 220, 2, -3, 216, 0, 43, 181, 2, 28, 179, 1, 57, 186, 2, 40, 184, 1, 66, 183, 2, 52, 182, 1]",0.3538547462445976
"[7, 183, 2, 4, 188, 2, 0, 187, 2, 0, 0, 0, 0, 0, 0, 29, 187, 2, 3, 183, 1, 47, 198, 2, -3, 195, 0, 43, 220, 2, -3, 216, 0, 43, 180, 2, 29, 178, 1, 57, 185, 2, 40, 183, 1, 66, 183, 2, 52, 182, 1]",0.37352724205533144
"[8, 181, 2, 5, 186, 2, 0, 185, 2, 0, 0, 0, 0, 0, 0, 29, 186, 2, 4, 182, 1, 46, 198, 2, -3, 195, 0, 43, 220, 2, -3, 216, 0, 43, 178, 2, 29, 176, 1, 57, 185, 2, 40, 183, 1, 66, 183, 2, 52, 182, 1]",0.3933914219049056
"[8, 179, 2, 5, 184, 2, 1, 183, 2, 0, 0, 0, 0, 0, 0, 29, 184, 2, 4, 180, 1, 45, 198, 2, -2, 195, 0, 43, 220, 2, -3, 216, 0, 44, 177, 2, 29, 175, 1, 57, 184, 2, 40, 182, 1, 66, 183, 2, 52, 182, 1]",0.4134478745964674
"[8, 178, 2, 6, 182, 2, 1, 182, 2, 0, 0, 0, 0, 0, 0, 29, 183, 2, 4, 179, 1, 44, 198, 2, -1, 195, 0, 43, 220, 2, -3, 216, 0, 44, 176, 2, 29, 174, 1, 57, 184, 2, 40, 182, 1, 67, 183, 2, 52, 182, 1]",0.4336972169714094
"[8, 176, 2, 6, 181, 2, 1, 180, 2, 0, 0, 0, 0, 0, 0, 29, 182, 2, 4, 178, 1, 43, 198, 2, 0, 195, 0, 43, 220, 2, -3, 216, 0, 44, 175, 2, 29, 174, 1, 57, 183, 2, 40, 182, 1, 67, 183, 2, 52, 182, 1]",0.4541400939093689
"[8, 175, 2, 6, 180, 2, 1, 179, 2, 0, 0, 0, 0, 0, 0, 29, 182, 2, 4, 178, 1, 42, 198, 2, 0, 195, 0, 43, 220, 2, -3, 216, 0, 44, 175, 2, 29, 173, 1, 57, 183, 2, 40, 181, 1, 67, 183, 2, 52, 182, 1]",0.47477717832822863
"[8, 175, 2, 6, 179, 2, 1, 179, 2, 0, 0, 0, 0, 0, 0, 29, 181, 2, 4, 177, 1, 41, 198, 2, 0, 196, 2, 43, 220, 2, -3, 216, 0, 44, 174, 2, 29, 173, 1, 57, 183, 2, 40, 181, 1, 67, 183, 2, 52, 182, 1]",0.49560917118411635
"[8, 174, 2, 6, 179, 2, 1, 178, 2, 0, 0, 0, 0, 0, 0, 29, 181, 2, 4, 177, 1, 41, 198, 2, 0, 196, 2, 43, 220, 2, -3, 216, 0, 44, 174, 2, 29, 172, 1, 57, 183, 2, 40, 181, 1, 67, 183, 2, 52, 182, 1]",0.5166368014714049
"[8, 174, 2, 6, 179, 2, 1, 178, 2, 0, 0, 0, 0, 0, 0, 29, 182, 2, 4, 177, 1, 42, 198, 2, 0, 195, 0, 43, 220, 2, -3, 216, 0, 44, 174, 2, 29, 172, 1, 57, 183, 2, 41, 181, 1, 67, 183, 2, 52, 182, 1]",0.5378608262227121
"[8, 175, 2, 6, 179, 2, 1, 179, 2, 0, 0, 0, 0, 0, 0, 29, 182, 2, 4, 178, 1, 42, 198, 2, 0, 195, 0, 43, 220, 2, -3, 216, 0, 44, 174, 2, 29, 172, 1, 57, 183, 2, 41, 181, 1, 67, 183, 2, 52, 182, 1]",0.5592820305089014
"[8, 175, 2, 6, 179, 2, 1, 179, 2, 0, 0, 0, 0, 0, 0, 29, 182, 2, 4, 178, 1, 43, 198, 2, 0, 195, 0, 43, 220, 2, -3, 216, 0, 44, 174, 2, 29, 172, 1, 57, 183, 2, 41, 181, 1, 67, 183, 2, 52, 182, 1]",0.5809012274390805
"[8, 175, 2, 6, 179, 2, 1, 179, 2, 0, 0, 0, 0, 0, 0, 29, 182, 2, 4, 178, 1, 43, 198, 2, -1, 195, 0, 43, 220, 2, -3, 216, 0, 44, 174, 2, 29, 173, 1, 57, 183, 2, 41, 181, 1, 67, 183, 2, 52, 182, 1]",0.6027192581606028
"[8, 175, 2, 6, 180, 2, 1, 179, 2, 0, 0, 0, 0, 0, 0, 29, 182, 2, 4, 179, 1, 43, 198, 2, -1, 195, 0, 43, 220, 2, -3, 216, 0, 44, 175, 2, 29, 173, 1, 57, 183, 2, 40, 181, 1, 67, 183, 2, 52, 182, 1]",0.624736991859067
"[8, 176, 2, 6, 180, 2, 1, 180, 2, 0, 0, 0, 0, 0, 0, 29, 183, 2, 4, 179, 1, 44, 198, 2, -2, 195, 0, 43, 220, 2, -3, 216, 0, 43, 175, 2, 29, 174, 1, 57, 183, 2, 40, 181, 1, 67, 183, 2, 52, 182, 1]",0.6469551946231987
"[8, 177, 2, 6, 181, 2, 1, 181, 2, 0, 0, 0, 0, 0, 0, 29, 184, 2, 4, 180, 1, 45, 198, 2, -2, 195, 0, 43, 220, 2, -3, 216, 0, 43, 176, 2, 29, 175, 1, 57, 183, 2, 40, 181, 1, 67, 183, 2, 52, 182, 1]",0.6693740049043816
"[8, 179, 2, 5, 183, 2, 1, 183, 2, 0, 0, 0, 0, 0, 0, 29, 186, 2, 3, 182, 1, 46, 198, 2, -3, 195, 0, 43, 220, 2, -3, 216, 0, 43, 177, 2, 29, 176, 1, 57, 183, 2, 40, 182, 1, 67, 183, 2, 52, 182, 1]",0.6919928023815388
"[8, 181, 2, 5, 185, 2, 0, 185, 2, 0, 0, 0, 0, 0, 0, 29, 188, 2, 3, 184, 1, 47, 198, 2, -3, 195, 0, 43, 220, 2, -3, 216, 0, 43, 179, 2, 28, 177, 1, 57, 184, 2, 40, 182, 1, 67, 183, 2, 52, 182, 1]",0.7148102079611336
"[7, 184, 2, 5, 188, 2, 0, 187, 2, 0, 0, 0, 0, 0, 0, 29, 189, 2, 2, 185, 1, 48, 198, 2, -4, 195, 0, 43, 220, 2, -3, 216, 0, 42, 180, 2, 28, 179, 1, 56, 184, 2, 40, 182, 1, 67, 183, 2, 52, 182, 1]",0.7378240837771691
"[7, 186, 2, 4, 190, 2, 0, 190, 0, 0, 0, 0, 0, 0, 0, 28, 191, 2, 2, 188, 1, 49, 199, 2, -4, 195, 0, 43, 220, 2, -3, 216, 0, 42, 182, 2, 28, 180, 1, 56, 185, 2, 40, 183, 1, 66, 183, 2, 52, 183, 1]",0.7610315331911883
"[6, 189, 2, 4, 193, 2, 0, 192, 0, 0, 0, 0, 0, 0, 0, 28, 194, 2, 1, 190, 1, 49, 199, 2, -5, 195, 0, 43, 220, 2, -3, 216, 0, 42, 184, 2, 27, 182, 1, 56, 186, 2, 40, 184, 1, 66, 183, 2, 52, 183, 1]",0.784428900792274
"[6, 192, 2, 3, 195, 2, -1, 195, 0, 0, 0, 0, 0, 0, 0, 28, 196, 2, 1, 192, 1, 49, 199, 2, -5, 195, 0, 43, 220, 2, -3, 216, 0, 41, 186, 2, 27, 184, 1, 56, 187, 2, 40, 185, 1, 66, 183, 2, 52, 183, 1]",0.8080117723970492
"[6, 194, 2, 3, 198, 2, -1, 197, 0, 0, 0, 0, 0, 0, 0, 28, 198, 2, 1, 194, 1, 49, 199, 2, -5, 195, 0, 43, 220, 2, -3, 216, 0, 41, 188, 2, 27, 186, 1, 56, 188, 2, 40, 186, 1, 66, 183, 2, 52, 183, 2]",0.8317749750496766
"[5, 197, 2, 3, 200, 2, -1, 199, 0, 0, 0, 0, 0, 0, 0, 28, 200, 2, 0, 196, 1, 49, 199, 2, -5, 195, 0, 43, 220, 2, -3, 216, 0, 41, 190, 2, 26, 188, 1, 56, 189, 2, 39, 187, 1, 66, 184, 2, 52, 183, 2]",0.8557125770218584
"[5, 199, 2, 3, 201, 2, -1, 201, 0, 0, 0, 0, 0, 0, 0, 28, 201, 2, 0, 198, 1, 49, 199, 2, -4, 195, 0, 43, 220, 2, -3, 216, 0, 41, 191, 2, 26, 189, 1, 55, 190, 2, 39, 188, 1, 66, 184, 2, 52, 183, 2]",0.8798178878128377
"[5, 200, 2, 2, 203, 2, -1, 203, 0, 0, 0, 0, 0, 0, 0, 28, 203, 2, 0, 200, 1, 49, 199, 2, -4, 195, 1, 43, 220, 2, -3, 216, 0, 40, 193, 2, 26, 191, 1, 55, 191, 2, 39, 189, 1, 66, 184, 2, 51, 183, 2]",0.9040834581493966
"[5, 201, 2, 2, 204, 2, -2, 204, 0, 0, 0, 0, 0, 0, 0, 28, 204, 2, 0, 201, 1, 49, 198, 2, -3, 195, 1, 43, 220, 2, -3, 216, 0, 40, 194, 2, 26, 192, 1, 55, 192, 2, 39, 190, 1, 66, 184, 2, 51, 183, 2]",0.9285010799858575
"[5, 202, 2, 2, 205, 2, -2, 204, 0, 0, 0, 0, 0, 0, 0, 28, 205, 2, 0, 202, 1, 49, 198, 2, -3, 195, 1, 43, 220, 2, -3, 216, 0, 40, 196, 1, 26, 194, 1, 55, 193, 2, 38, 192, 1, 65, 184, 2, 51, 183, 2]",0.9530617865040825
"[5, 203, 2, 2, 205, 2, -2, 205, 0, 0, 0, 0, 0, 0, 0, 28, 206, 2, 0, 203, 1, 48, 198, 2, -2, 195, 1, 43, 220, 2, -3, 216, 0, 40, 197, 1, 25, 195, 1, 55, 194, 2, 38, 193, 1, 66, 184, 2, 51, 183, 2]",0.9777558521134738
"[5, 204, 2, 2, 205, 2, -2, 205, 0, 0, 0, 0, 0, 0, 0, 28, 206, 2, 0, 204, 1, 48, 198, 2, -1, 195, 1, 43, 220, 2, -3, 216, 0, 40, 197, 1, 25, 195, 1, 55, 195, 2, 38, 193, 1, 66, 184, 2, 50, 183, 2]",1.0025727924509733
"[4, 203, 2, 2, 204, 2, -2, 204, 0, 0, 0, 0, 0, 0, 0, 28, 206, 2, 0, 204, 1, 48, 198, 2, 0, 195, 1, 43, 220, 2, -3, 216, 0, 40, 197, 1, 25, 195, 1, 55, 195, 2, 38, 193, 1, 66, 184, 2, 50, 183, 2]",1.0275013643810633
"[4, 203, 2, 2, 204, 2, -2, 204, 0, 0, 0, 0, 0, 0, 0, 28, 206, 2, 0, 204, 1, 48, 198, 2, 0, 195, 1, 43, 220, 2, -3, 216, 0, 40, 197, 1, 26, 195, 1, 55, 195, 2, 38, 193, 1, 66, 184, 2, 50, 183, 2]",1.0525295659957652
"[5, 202, 2, 2, 203, 2, -2, 203, 0, 0, 0, 0, 0, 0, 0, 28, 205, 2, 0, 203, 1, 49, 198, 2, 0, 195, 1, 43, 220, 2, -3, 216, 0, 40, 197, 1, 26, 195, 1, 55, 195, 2, 38, 193, 1, 65, 184, 2, 50, 183, 2]",1.0776446366146408
"[5, 201, 2, 2, 201, 2, -2, 202, 0, 0, 0, 0, 0, 0, 0, 28, 204, 2, 0, 202, 1, 49, 198, 2, 0, 195, 1, 43, 220, 2, -3, 216, 0, 40, 197, 1, 26, 195, 1, 55, 194, 2, 38, 193, 1, 65, 184, 2, 50, 183, 2]",1.1028330567847917
"[5, 198, 2, 3, 199, 2, -1, 200, 0, 0, 0, 0, 0, 0, 0, 29, 203, 2, 1, 201, 1, 49, 199, 2, -1, 195, 1, 43, 220, 2, -3, 216, 0, 41, 196, 1, 26, 194, 1, 55, 194, 2, 38, 192, 1, 65, 184, 2, 50, 183, 2]",1.1280805482808596
"[6, 196, 2, 3, 197, 2, -1, 197, 0, 0, 0, 0, 0, 0, 0, 29, 201, 2, 1, 199, 1, 50, 199, 2, -1, 195, 1, 43, 220, 2, -3, 216, 0, 41, 195, 1, 26, 193, 1, 55, 193, 2, 38, 192, 1, 65, 184, 2, 50, 183, 2]",1.1533720741050257
"[6, 193, 2, 4, 194, 2, 0, 194, 0, 0, 0, 0, 0, 0, 0, 29, 199, 2, 1, 197, 1, 50, 199, 2, -2, 195, 1, 43, 220, 2, -3, 216, 0, 41, 194, 1, 26, 192, 1, 55, 192, 2, 39, 191, 1, 65, 184, 2, 51, 183, 2]",1.1786918384870115
"[7, 190, 2, 4, 191, 2, 0, 192, 0, 0, 0, 0, 0, 0, 0, 30, 197, 2, 1, 195, 1, 50, 199, 2, -2, 195, 0, 43, 220, 2, -3, 216, 0, 41, 193, 1, 26, 191, 1, 55, 191, 2, 39, 190, 1, 65, 184, 2, 51, 183, 2]",1.2040232868840781
"[7, 188, 2, 5, 188, 2, 0, 189, 2, 0, 0, 0, 0, 0, 0, 30, 195, 2, 2, 192, 1, 50, 199, 2, -3, 195, 0, 43, 220, 2, -3, 216, 0, 41, 191, 2, 27, 189, 1, 56, 190, 2, 39, 189, 1, 66, 184, 2, 51, 183, 2]",1.2293491059810264
"[7, 185, 2, 5, 186, 2, 0, 186, 2, 0, 0, 0, 0, 0, 0, 30, 193, 2, 2, 190, 1, 50, 199, 2, -3, 195, 0, 43, 220, 2, -3, 216, 0, 42, 189, 2, 27, 187, 1, 56, 189, 2, 39, 188, 1, 66, 184, 2, 51, 183, 2]",1.2546512236901979
"[7, 182, 2, 5, 183, 2, 0, 184, 2, 0, 0, 0, 0, 0, 0, 31, 191, 2, 2, 188, 1, 50, 199, 2, -3, 195, 0, 43, 220, 2, -3, 216, 0, 42, 187, 2, 27, 185, 1, 56, 188, 2, 39, 187, 1, 66, 184, 2, 51, 183, 1]",1.2799108091514733
"[8, 179, 2, 6, 180, 2, 1, 181, 2, 0, 0, 0, 0, 0, 0, 31, 189, 2, 3, 186, 1, 49, 198, 2, -3, 195, 0, 43, 220, 2, -3, 216, 0, 42, 185, 2, 28, 183, 1, 56, 187, 2, 40, 186, 1, 66, 183, 2, 51, 183, 1]",1.3051082727322734
"[9, 176, 2, 6, 178, 2, 1, 178, 2, 0, 0, 0, 0, 0, 0, 32, 187, 2, 3, 184, 2, 49, 198, 2, -3, 195, 0, 43, 220, 2, -3, 216, 0, 43, 183, 2, 28, 181, 1, 56, 186, 2, 40, 185, 1, 66, 183, 2, 52, 182, 1]",1.3302232660275588
"[9, 174, 2, 7, 175, 2, 2, 176, 2, 0, 0, 0, 0, 0, 0, 32, 185, 2, 3, 182, 2, 48, 198, 2, -2, 195, 0, 43, 220, 2, -3, 216, 0, 43, 181, 2, 28, 179, 1, 57, 186, 2, 40, 184, 1, 66, 183, 2, 52, 182, 1]",1.3552346818598302
"[9, 172, 2, 7, 174, 2, 2, 174, 2, 0, 0, 0, 0, 0, 0, 32, 183, 2, 4, 181, 2, 46, 198, 2, -2, 195, 0, 43, 220, 2, -3, 216, 0, 43, 179, 2, 29, 177, 1, 57, 185, 2, 40, 183, 1, 66, 183, 2, 52, 182, 1]",1.3801206542791282
"[10, 170, 2, 8, 172, 2, 3, 173, 2, 0, 0, 0, 0, 0, 0, 32, 182, 2, 4, 179, 2, 45, 198, 2, -1, 195, 0, 43, 220, 2, -3, 216, 0, 44, 178, 2, 29, 176, 1, 57, 184, 2, 40, 182, 1, 66, 183, 2, 52, 182, 1]",1.4048585585630333
"[10, 169, 2, 8, 172, 2, 3, 172, 2, 0, 0, 0, 0, 0, 0, 32, 181, 2, 5, 178, 2, 44, 198, 2, 0, 195, 0, 43, 220, 2, -3, 216, 0, 44, 176, 2, 29, 175, 1, 57, 184, 2, 40, 182, 1, 67, 183, 2, 52, 182, 1]",1.4294253515580848
"[10, 168, 2, 8, 171, 2, 3, 172, 2, 0, 0, 0, 0, 0, 0, 32, 180, 2, 5, 178, 2, 42, 198, 2, 0, 196, 2, 43, 220, 2, -3, 216, 0, 44, 175, 2, 29, 174, 1, 57, 183, 2, 40, 182, 1, 67, 183, 2, 52, 182, 1]",1.4537989330454584
"[9, 168, 2, 8, 171, 2, 3, 172, 2, 0, 0, 0, 0, 0, 0, 32, 179, 2, 5, 177, 2, 41, 198, 2, 1, 196, 2, 43, 220, 2, -3, 216, 0, 44, 174, 2, 29, 173, 1, 57, 183, 2, 40, 181, 1, 67, 183, 2, 52, 182, 1]",1.4779584860823842
"[9, 168, 2, 8, 171, 2, 3, 172, 2, 0, 0, 0, 0, 0, 0, 32, 179, 2, 5, 177, 2, 40, 198, 2, 1, 196, 2, 43, 220, 2, -3, 216, 0, 44, 174, 2, 29, 172, 1, 57, 183, 2, 40, 181, 1, 67, 183, 2, 52, 182, 1]",1.501884477002148
"[9, 168, 2, 8, 171, 2, 3, 172, 2, 0, 0, 0, 0, 0, 0, 31, 179, 2, 5, 177, 2, 41, 198, 2, 1, 196, 2, 43, 220, 2, -3, 216, 0, 44, 174, 2, 29, 172, 1, 57, 183, 2, 41, 181, 1, 67, 183, 2, 52, 182, 1]",1.5255586554140905
"[9, 168, 2, 8, 171, 2, 3, 172, 2, 0, 0, 0, 0, 0, 0, 31, 180, 2, 5, 177, 2, 41, 198, 2, 0, 196, 2, 43, 220, 2, -3, 216, 0, 44, 174, 2, 29, 172, 1, 57, 183, 2, 41, 181, 1, 67, 183, 2, 52, 182, 1]",1.5489640542036072
"[9, 169, 2, 8, 172, 2, 3, 173, 2, 0, 0, 0, 0, 0, 0, 31, 180, 2, 5, 177, 2, 41, 198, 2, 0, 196, 2, 43, 220, 2, -3, 216, 0, 44, 174, 2, 29, 172, 1, 57, 183, 2, 41, 181, 1, 67, 183, 2, 52, 182, 1]",1.5720849895321494
"[9, 169, 2, 8, 172, 2, 3, 173, 2, 0, 0, 0, 0, 0, 0, 31, 180, 2, 5, 178, 2, 42, 198, 2, 0, 196, 2, 43, 220, 2, -3, 216, 0, 44, 174, 2, 29, 173, 1, 57, 183, 2, 41, 181, 1, 67, 183, 2, 52, 182, 1]",1.5949070608372231
"[9, 169, 2, 8, 172, 2, 3, 173, 2, 0, 0, 0, 0, 0, 0, 31, 180, 2, 5, 178, 2, 42, 198, 2, 0, 196, 0, 43, 220, 2, -3, 216, 0, 44, 174, 2, 29, 173, 1, 57, 183, 2, 40, 181, 1, 67, 183, 2, 52, 182, 1]",1.617417150832389
"[9, 169, 2, 8, 172, 2, 3, 173, 2, 0, 0, 0, 0, 0, 0, 31, 181, 2, 4, 178, 2, 43, 198, 2, 0, 195, 0, 43, 220, 2, -3, 216, 0, 44, 175, 2, 29, 174, 1, 57, 183, 2, 40, 181, 1, 67, 183, 2, 52, 182, 1]",1.6396034255072636
"[9, 170, 2, 8, 173, 2, 3, 174, 2, 0, 0, 0, 0, 0, 0, 31, 182, 2, 4, 179, 2, 44, 198, 2, -1, 195, 0, 43, 220, 2, -3, 216, 0, 43, 176, 2, 29, 174, 1, 57, 183, 2, 40, 181, 1, 67, 183, 2, 52, 182, 1]",1.6614553341275178
"[9, 172, 2, 7, 174, 2, 2, 175, 2, 0, 0, 0, 0, 0, 0, 31, 183, 2, 4, 180, 2, 45, 198, 2, -2, 195, 0, 43, 220, 2, -3, 216, 0, 43, 177, 2, 29, 175, 1, 57, 183, 2, 40, 181, 1, 67, 183, 2, 52, 182, 1]",1.682963609234878
"[9, 174, 2, 7, 176, 2, 2, 177, 2, 0, 0, 0, 0, 0, 0, 31, 184, 2, 3, 181, 2, 46, 198, 2, -2, 195, 0, 43, 220, 2, -3, 216, 0, 43, 178, 2, 28, 176, 1, 57, 184, 2, 40, 182, 1, 67, 183, 2, 52, 182, 1]",1.7041202666471258
"[8, 176, 2, 6, 178, 2, 1, 179, 2, 0, 0, 0, 0, 0, 0, 30, 186, 2, 3, 183, 1, 47, 198, 2, -3, 195, 0, 43, 220, 2, -3, 216, 0, 43, 179, 2, 28, 178, 1, 56, 184, 2, 40, 182, 1, 67, 183, 2, 52, 182, 1]",1.7249186054580974
"[8, 179, 2, 6, 181, 2, 1, 182, 2, 0, 0, 0, 0, 0, 0, 30, 188, 2, 2, 184, 1, 48, 198, 2, -3, 195, 0, 43, 220, 2, -3, 216, 0, 42, 181, 2, 28, 179, 1, 56, 185, 2, 40, 182, 1, 66, 183, 2, 52, 183, 1]",1.7453532080376848
"[7, 181, 2, 5, 184, 2, 0, 184, 2, 0, 0, 0, 0, 0, 0, 30, 190, 2, 2, 186, 1, 49, 198, 2, -4, 195, 0, 43, 220, 2, -3, 216, 0, 42, 182, 2, 28, 181, 1, 56, 185, 2, 40, 183, 1, 66, 183, 2, 52, 183, 1]",1.7654199400318347
"[7, 184, 2, 5, 186, 2, 0, 187, 2, 0, 0, 0, 0, 0, 0, 30, 191, 2, 2, 188, 1, 49, 199, 2, -4, 195, 0, 43, 220, 2, -3, 216, 0, 42, 184, 2, 27, 182, 1, 56, 186, 2, 40, 184, 1, 66, 183, 2, 52, 183, 1]",1.7851159503625482
"[6, 187, 2, 4, 189, 2, 0, 190, 0, 0, 0, 0, 0, 0, 0, 29, 193, 2, 1, 190, 1, 50, 199, 2, -4, 195, 0, 43, 220, 2, -3, 216, 0, 41, 185, 2, 27, 184, 1, 56, 187, 2, 40, 185, 1, 66, 183, 2, 52, 183, 1]",1.8044396712278827
"[6, 190, 2, 4, 192, 2, 0, 193, 0, 0, 0, 0, 0, 0, 0, 29, 195, 2, 1, 192, 1, 50, 199, 2, -4, 195, 0, 43, 220, 2, -3, 216, 0, 41, 187, 2, 27, 185, 1, 56, 187, 2, 40, 185, 1, 66, 183, 2, 52, 183, 1]",1.8233908181019503
"[6, 192, 2, 4, 194, 2, 0, 195, 0, 0, 0, 0, 0, 0, 0, 29, 197, 2, 1, 193, 1, 50, 199, 2, -4, 195, 0, 43, 220, 2, -3, 216, 0, 41, 188, 2, 26, 187, 1, 56, 188, 2, 39, 186, 1, 66, 183, 2, 52, 183, 2]",1.8419703897349178
"[6, 194, 2, 3, 197, 2, -1, 198, 0, 0, 0, 0, 0, 0, 0, 28, 199, 2, 0, 195, 1, 50, 199, 2, -4, 195, 0, 43, 220, 2, -3, 216, 0, 41, 190, 2, 26, 188, 1, 55, 189, 2, 39, 187, 1, 66, 184, 2, 52, 183, 2]",1.8601806681530073
"[5, 197, 2, 3, 199, 2, -1, 200, 0, 0, 0, 0, 0, 0, 0, 28, 200, 2, 0, 197, 1, 50, 199, 2, -4, 195, 1, 43, 220, 2, -3, 216, 0, 41, 191, 2, 26, 189, 1, 55, 190, 2, 39, 188, 1, 66, 184, 2, 52, 183, 2]",1.8780252186584963
"[5, 199, 2, 3, 201, 2, -1, 202, 0, 0, 0, 0, 0, 0, 0, 28, 202, 2, 0, 198, 1, 50, 199, 2, -4, 195, 1, 43, 220, 2, -3, 216, 0, 40, 192, 2, 26, 191, 1, 55, 191, 2, 39, 189, 1, 66, 184, 2, 52, 183, 2]",1.8955088898297168
"[5, 201, 2, 3, 203, 2, -1, 204, 0, 0, 0, 0, 0, 0, 0, 28, 203, 2, 0, 200, 1, 49, 199, 2, -4, 195, 1, 43, 220, 2, -3, 216, 0, 40, 193, 2, 26, 192, 1, 55, 192, 2, 39, 189, 1, 66, 184, 2, 51, 183, 2]",1.9126378135210564
"[5, 202, 2, 2, 205, 2, -1, 206, 0, 0, 0, 0, 0, 0, 0, 28, 204, 2, 0, 201, 1, 49, 198, 2, -3, 195, 1, 43, 220, 2, -3, 216, 0, 40, 194, 2, 26, 193, 1, 55, 193, 2, 39, 190, 1, 66, 184, 2, 51, 183, 2]",1.9294194048629578
"[4, 204, 2, 2, 207, 2, -2, 208, 0, 0, 0, 0, 0, 0, 0, 27, 205, 2, 0, 202, 1, 48, 198, 2, -3, 195, 1, 43, 220, 2, -3, 216, 0, 40, 195, 2, 26, 193, 1, 55, 193, 2, 39, 191, 1, 65, 184, 2, 51, 183, 2]",1.9458623622619182
"[4, 206, 2, 2, 209, 2, -2, 209, 0, 0, 0, 0, 0, 0, 0, 27, 206, 2, 0, 203, 1, 48, 198, 2, -3, 195, 1, 43, 220, 2, -3, 216, 0, 40, 196, 1, 26, 194, 2, 55, 194, 2, 38, 192, 1, 65, 184, 2, 51, 183, 2]",1.9619766674004906
"[4, 207, 2, 2, 210, 2, -2, 211, 0, 0, 0, 0, 0, 0, 0, 27, 207, 2, 0, 204, 1, 48, 198, 2, -2, 195, 0, 43, 220, 2, -3, 216, 0, 40, 197, 1, 25, 195, 2, 55, 194, 2, 38, 193, 1, 66, 184, 2, 51, 183, 2]",1.9777735852372829
"[4, 209, 2, 2, 212, 2, -2, 212, 0, 0, 0, 0, 0, 0, 0, 27, 208, 2, 0, 205, 1, 47, 198, 2, -2, 195, 0, 43, 220, 2, -3, 216, 0, 40, 197, 1, 25, 195, 2, 55, 195, 2, 38, 193, 1, 66, 184, 2, 51, 183, 2]",1.9932656640069575
"[4, 210, 2, 2, 212, 2, -2, 213, 0, 0, 0, 0, 0, 0, 0, 27, 208, 2, 0, 206, 1, 47, 198, 2, -1, 195, 0, 43, 220, 2, -3, 216, 0, 40, 197, 1, 25, 195, 2, 55, 195, 2, 38, 193, 1, 66, 184, 2, 50, 183, 2]",2.0084667352202326
"[4, 210, 2, 1, 213, 2, -2, 214, 0, 0, 0, 0, 0, 0, 0, 27, 208, 2, 0, 206, 1, 47, 198, 2, -1, 195, 0, 43, 220, 2, -3, 216, 1, 40, 197, 1, 25, 195, 2, 55, 195, 2, 38, 193, 1, 66, 184, 2, 50, 183, 2]",2.0233919136638816
"[4, 211, 2, 1, 214, 2, -3, 215, 0, 0, 0, 0, 0, 0, 0, 27, 208, 2, 0, 207, 1, 47, 198, 2, -1, 195, 0, 43, 220, 2, -3, 216, 1, 40, 197, 1, 26, 195, 2, 55, 195, 2, 38, 193, 1, 66, 184, 2, 50, 183, 2]",2.038057597400732
"[4, 211, 2, 1, 215, 2, -3, 215, 0, 0, 0, 0, 0, 0, 0, 27, 208, 2, 0, 207, 1, 47, 198, 2, -1, 195, 0, 43, 220, 2, -3, 216, 1, 40, 197, 1, 26, 195, 2, 55, 195, 2, 38, 193, 1, 66, 184, 2, 50, 183, 2]",2.0524812248791373
"[4, 212, 2, 1, 215, 2, -3, 215, 0, 0, 0, 0, 0, 0, 0, 26, 208, 2, 0, 207, 1, 47, 198, 2, -1, 195, 0, 43, 220, 2, -3, 216, 1, 40, 197, 1, 26, 195, 2, 55, 195, 2, 38, 193, 1, 65, 184, 2, 50, 183, 2]",2.0666803033708563
"[4, 212, 2, 1, 215, 2, -3, 216, 0, 0, 0, 0, 0, 0, 0, 26, 208, 2, 0, 207, 1, 47, 198, 2, -2, 195, 0, 43, 220, 2, -3, 216, 1, 40, 197, 1, 26, 195, 2, 55, 195, 2, 38, 193, 1, 65, 184, 2, 50, 183, 2]",2.080672166080521
"[4, 212, 2, 1, 215, 2, -2, 216, 0, 0, 0, 0, 0, 0, 0, 26, 208, 2, 0, 206, 1, 47, 198, 2, -2, 195, 0, 43, 220, 2, -3, 216, 1, 40, 197, 1, 26, 195, 2, 55, 194, 2, 38, 193, 1, 65, 184, 2, 50, 183, 2]",2.0944739721456402
"[4, 211, 2, 2, 215, 2, -2, 216, 0, 0, 0, 0, 0, 0, 0, 27, 208, 2, 0, 206, 1, 47, 198, 2, -2, 195, 0, 43, 220, 2, -3, 216, 1, 40, 197, 1, 26, 195, 2, 55, 194, 2, 38, 193, 1, 65, 184, 2, 50, 183, 2]",2.1081027066365974
"[4, 211, 2, 2, 215, 2, -2, 215, 0, 0, 0, 0, 0, 0, 0, 27, 207, 2, 0, 205, 1, 47, 198, 2, -2, 195, 0, 43, 220, 2, -3, 216, 1, 41, 197, 1, 26, 194, 2, 55, 194, 2, 38, 192, 1, 65, 184, 2, 50, 183, 2]",2.1215751805566496
"[4, 210, 2, 2, 214, 2, -2, 214, 0, 0, 0, 0, 0, 0, 0, 27, 207, 2, 0, 205, 1, 48, 198, 2, -3, 195, 0, 43, 220, 2, -3, 216, 0, 41, 196, 1, 26, 194, 1, 55, 193, 2, 38, 192, 1, 65, 184, 2, 50, 183, 2]",2.1349080308419306
"[4, 209, 2, 2, 213, 2, -2, 213, 0, 0, 0, 0, 0, 0, 0, 27, 206, 2, 0, 204, 1, 48, 199, 2, -3, 195, 0, 43, 220, 2, -3, 216, 0, 41, 196, 2, 26, 194, 1, 55, 193, 2, 38, 192, 1, 65, 184, 2, 50, 183, 2]",2.148117720361448
"[4, 208, 2, 2, 212, 2, -2, 212, 0, 0, 0, 0, 0, 0, 0, 27, 205, 2, 0, 203, 1, 48, 199, 2, -3, 195, 0, 43, 220, 2, -3, 216, 0, 41, 195, 2, 26, 193, 1, 55, 193, 2, 38, 191, 1, 65, 184, 2, 50, 183, 2]",2.1612205379170843
"[5, 207, 2, 3, 211, 2, -1, 211, 0, 0, 0, 0, 0, 0, 0, 27, 204, 2, 1, 202, 1, 48, 199, 2, -4, 195, 0, 43, 220, 2, -3, 216, 0, 41, 194, 2, 26, 192, 1, 55, 192, 2, 38, 191, 1, 65, 184, 2, 51, 183, 2]",2.174232598243598
"[5, 205, 2, 3, 210, 2, -1, 210, 0, 0, 0, 0, 0, 0, 0, 27, 203, 2, 1, 201, 1, 48, 199, 2, -4, 195, 0, 43, 220, 2, -3, 216, 0, 41, 194, 2, 26, 192, 1, 55, 192, 2, 39, 190, 1, 65, 184, 2, 51, 183, 2]",2.1871698420086223
"[5, 204, 2, 3, 208, 2, -1, 209, 0, 0, 0, 0, 0, 0, 0, 27, 202, 2, 1, 200, 1, 49, 199, 2, -4, 195, 0, 43, 220, 2, -3, 216, 0, 41, 193, 2, 26, 191, 1, 55, 191, 2, 39, 190, 1, 65, 184, 2, 51, 183, 2]",2.2000480358126637
"[5, 203, 2, 3, 207, 2, -1, 208, 0, 0, 0, 0, 0, 0, 0, 27, 201, 2, 1, 198, 1, 49, 199, 2, -4, 195, 0, 43, 220, 2, -3, 216, 0, 41, 192, 2, 27, 190, 1, 56, 191, 2, 39, 189, 1, 65, 184, 2, 51, 183, 2]",2.2128827721891056
"[5, 202, 2, 3, 206, 2, -1, 207, 0, 0, 0, 0, 0, 0, 0, 27, 200, 2, 1, 197, 1, 49, 199, 2, -4, 195, 1, 43, 220, 2, -3, 216, 0, 41, 191, 2, 27, 189, 1, 56, 190, 2, 39, 189, 1, 66, 184, 2, 51, 183, 2]",2.2256894696042058
"[5, 201, 2, 3, 205, 2, 0, 205, 0, 0, 0, 0, 0, 0, 0, 27, 199, 2, 1, 196, 1, 49, 199, 2, -5, 195, 1, 43, 220, 2, -3, 216, 0, 42, 190, 2, 27, 188, 1, 56, 190, 2, 39, 188, 1, 66, 184, 2, 51, 183, 2]",2.238483372457097
"[6, 199, 2, 4, 204, 2, 0, 204, 0, 0, 0, 0, 0, 0, 0, 27, 198, 2, 2, 195, 1, 49, 199, 2, -5, 195, 1, 43, 220, 2, -3, 216, 0, 42, 189, 2, 27, 187, 1, 56, 189, 2, 39, 188, 1, 66, 184, 2, 51, 183, 2]",2.2512795510797865
"[6, 198, 2, 4, 202, 2, 0, 203, 0, 0, 0, 0, 0, 0, 0, 27, 197, 2, 2, 194, 1, 49, 199, 2, -5, 195, 0, 43, 220, 2, -3, 216, 0, 42, 188, 2, 27, 186, 1, 56, 189, 2, 39, 187, 1, 66, 184, 2, 51, 183, 2]",2.2640929017371567
"[6, 196, 2, 4, 201, 2, 0, 201, 0, 0, 0, 0, 0, 0, 0, 27, 196, 2, 2, 193, 1, 49, 199, 2, -5, 195, 0, 43, 220, 2, -3, 216, 0, 42, 187, 2, 27, 185, 1, 56, 188, 2, 39, 187, 1, 66, 184, 2, 51, 183, 2]",2.276938146626965
"[6, 195, 2, 4, 199, 2, 0, 200, 0, 0, 0, 0, 0, 0, 0, 28, 195, 2, 2, 191, 1, 49, 199, 2, -5, 195, 0, 43, 220, 2, -3, 216, 0, 42, 186, 2, 28, 184, 1, 56, 188, 2, 40, 186, 1, 66, 183, 2, 51, 183, 1]",2.2898298338798453
"[6, 193, 2, 5, 198, 2, 0, 198, 2, 0, 0, 0, 0, 0, 0, 28, 194, 2, 2, 190, 1, 49, 199, 2, -5, 195, 0, 43, 220, 2, -3, 216, 0, 42, 185, 2, 28, 183, 1, 56, 187, 2, 40, 186, 1, 66, 183, 2, 51, 183, 1]",2.302782337559303
"[7, 192, 2, 5, 196, 2, 0, 197, 2, 0, 0, 0, 0, 0, 0, 28, 193, 2, 3, 189, 1, 49, 199, 2, -5, 195, 0, 43, 220, 2, -3, 216, 0, 43, 184, 2, 28, 182, 1, 56, 187, 2, 40, 185, 1, 66, 183, 2, 52, 182, 1]",2.315809857661722
"[7, 190, 2, 5, 195, 2, 1, 195, 2, 0, 0, 0, 0, 0, 0, 28, 191, 2, 3, 188, 1, 49, 199, 2, -5, 195, 0, 43, 220, 2, -3, 216, 0, 43, 183, 2, 28, 181, 1, 56, 186, 2, 40, 185, 1, 66, 183, 2, 52, 182, 1]",2.328926420116358
"[7, 188, 2, 6, 193, 2, 1, 194, 2, 0, 0, 0, 0, 0, 0, 29, 190, 2, 3, 186, 1, 48, 199, 2, -4, 195, 0, 43, 220, 2, -3, 216, 0, 43, 182, 2, 28, 180, 1, 56, 186, 2, 40, 184, 1, 66, 183, 2, 52, 182, 1]",2.342145876785345
"[8, 187, 2, 6, 192, 2, 1, 192, 2, 0, 0, 0, 0, 0, 0, 29, 189, 2, 4, 185, 1, 48, 199, 2, -4, 195, 0, 43, 220, 2, -3, 216, 0, 43, 181, 2, 28, 179, 1, 57, 186, 2, 40, 184, 1, 66, 183, 2, 52, 182, 1]",2.3554819054636895
"[8, 186, 2, 6, 191, 2, 1, 191, 2, 0, 0, 0, 0, 0, 0, 29, 188, 2, 4, 184, 1, 48, 199, 2, -4, 195, 0, 43, 220, 2, -3, 216, 0, 43, 180, 2, 29, 178, 1, 57, 185, 2, 40, 183, 1, 66, 183, 2, 52, 182, 1]",2.3689480098792735
"[8, 184, 2, 6, 189, 2, 2, 189, 2, 0, 0, 0, 0, 0, 0, 29, 187, 2, 4, 183, 1, 47, 199, 2, -3, 195, 0, 43, 220, 2, -3, 216, 0, 43, 179, 2, 29, 177, 1, 57, 185, 2, 40, 183, 1, 66, 183, 2, 52, 182, 1]",2.3825575196928543
"[9, 183, 2, 7, 188, 2, 2, 188, 2, 0, 0, 0, 0, 0, 0, 29, 186, 2, 4, 182, 1, 46, 198, 2, -3, 195, 0, 43, 220, 2, -3, 216, 0, 43, 178, 2, 29, 176, 1, 57, 184, 2, 40, 183, 1, 66, 183, 2, 52, 182, 1]",2.396323590498064
"[9, 182, 2, 7, 187, 2, 2, 187, 2, 0, 0, 0, 0, 0, 0, 29, 185, 2, 5, 181, 1, 46, 198, 2, -2, 195, 0, 43, 220, 2, -3, 216, 0, 44, 177, 2, 29, 176, 1, 57, 184, 2, 40, 182, 1, 66, 183, 2, 52, 182, 1]",2.41025920382141
"[9, 181, 2, 7, 186, 2, 3, 186, 2, 0, 0, 0, 0, 0, 0, 29, 184, 2, 5, 181, 1, 45, 198, 2, -2, 195, 0, 43, 220, 2, -3, 216, 0, 44, 177, 2, 29, 175, 1, 57, 184, 2, 40, 182, 1, 67, 183, 2, 52, 182, 1]",2.4243771671222736
"[9, 179, 2, 7, 185, 2, 3, 185, 2, 0, 0, 0, 0, 0, 0, 29, 184, 2, 5, 180, 1, 45, 198, 2, -1, 195, 0, 43, 220, 2, -3, 216, 0, 44, 176, 2, 29, 174, 1, 57, 184, 2, 40, 182, 1, 67, 183, 2, 52, 182, 1]",2.4386901137929127
"[9, 179, 2, 8, 184, 2, 3, 184, 2, 0, 0, 0, 0, 0, 0, 29, 183, 2, 5, 179, 1, 44, 198, 2, -1, 195, 0, 43, 220, 2, -3, 216, 0, 44, 175, 2, 29, 174, 1, 57, 183, 2, 40, 182, 1, 67, 183, 2, 52, 182, 1]",2.453210503158459
"[9, 178, 2, 8, 183, 2, 3, 183, 2, 0, 0, 0, 0, 0, 0, 29, 182, 2, 5, 179, 1, 43, 198, 2, 0, 195, 0, 43, 220, 2, -3, 216, 0, 44, 175, 2, 29, 173, 1, 57, 183, 2, 40, 181, 1, 67, 183, 2, 52, 182, 1]",2.4679506204769184
"[9, 177, 2, 7, 182, 2, 3, 182, 2, 0, 0, 0, 0, 0, 0, 29, 182, 2, 5, 178, 1, 42, 198, 2, 0, 195, 2, 43, 220, 2, -3, 216, 0, 44, 174, 2, 29, 173, 1, 57, 183, 2, 40, 181, 1, 67, 183, 2, 52, 182, 1]",2.482922377751759
"[9, 177, 2, 7, 182, 2, 3, 182, 2, 0, 0, 0, 0, 0, 0, 29, 182, 2, 5, 178, 1, 42, 198, 2, 0, 195, 2, 43, 220, 2, -3, 216, 0, 44, 174, 2, 29, 173, 1, 57, 183, 2, 40, 181, 1, 67, 183, 2, 52, 182, 1]",2.4981365169822545
"[9, 177, 2, 7, 182, 2, 3, 182, 2, 0, 0, 0, 0, 0, 0, 28, 182, 2, 5, 178, 1, 42, 198, 2, 0, 195, 2, 43, 220, 2, -3, 216, 0, 44, 174, 2, 29, 172, 1, 57, 183, 2, 40, 181, 1, 67, 183, 2, 52, 182, 1]",2.513602410976067
"[9, 177, 2, 7, 182, 2, 3, 182, 2, 0, 0, 0, 0, 0, 0, 28, 182, 2, 5, 178, 1, 43, 198, 2, 0, 195, 0, 43, 220, 2, -3, 216, 0, 44, 174, 2, 29, 172, 1, 57, 183, 2, 41, 181, 1, 67, 183, 2, 52, 182, 1]",2.5293280633492503
"[9, 178, 2, 7, 182, 2, 3, 183, 2, 0, 0, 0, 0, 0, 0, 28, 183, 2, 5, 178, 1, 43, 198, 2, 0, 195, 0, 43, 220, 2, -3, 216, 0, 44, 174, 2, 29, 172, 1, 57, 183, 2, 41, 181, 1, 67, 183, 2, 52, 182, 1]",2.5453201085262487
"[9, 178, 2, 7, 183, 2, 3, 183, 2, 0, 0, 0, 0, 0, 0, 28, 183, 2, 5, 178, 1, 43, 198, 2, 0, 195, 0, 43, 220, 2, -3, 216, 0, 44, 174, 2, 29, 172, 1, 57, 183, 2, 41, 181, 1, 67, 183, 2, 52, 182, 1]",2.5615838117398972
"[9, 178, 2, 7, 183, 2, 3, 183, 2, 0, 0, 0, 0, 0, 0, 28, 183, 2, 5, 179, 1, 43, 198, 2, 0, 195, 0, 43, 220, 2, -3, 216, 0, 44, 174, 2, 29, 172, 1, 57, 183, 2, 41, 181, 1, 67, 183, 2, 52, 182, 1]",2.5781230690314216
"[9, 179, 2, 7, 184, 2, 3, 184, 2, 0, 0, 0, 0, 0, 0, 28, 184, 2, 5, 179, 1, 44, 198, 2, -1, 195, 0, 43, 220, 2, -3, 216, 0, 44, 174, 2, 29, 173, 1, 57, 183, 2, 41, 181, 1, 67, 183, 2, 52, 182, 1]",2.594940407250438
"[9, 179, 2, 7, 185, 2, 2, 185, 2, 0, 0, 0, 0, 0, 0, 28, 184, 2, 5, 179, 1, 44, 198, 2, -1, 195, 0, 43, 220, 2, -3, 216, 0, 44, 174, 2, 29, 173, 1, 57, 183, 2, 40, 181, 1, 67, 183, 2, 52, 182, 1]",2.6120369840549533
"[9, 180, 2, 7, 186, 2, 2, 186, 2, 0, 0, 0, 0, 0, 0, 28, 184, 2, 5, 180, 1, 44, 198, 2, -2, 195, 0, 43, 220, 2, -3, 216, 0, 44, 175, 2, 29, 173, 1, 57, 183, 2, 40, 181, 1, 67, 183, 2, 52, 182, 1]",2.6294125879113652
"[9, 182, 2, 7, 187, 2, 2, 187, 2, 0, 0, 0, 0, 0, 0, 28, 185, 2, 5, 181, 1, 45, 198, 2, -2, 195, 0, 43, 220, 2, -3, 216, 0, 43, 175, 2, 29, 174, 1, 57, 183, 2, 40, 181, 1, 67, 183, 2, 52, 182, 1]",2.647065638094461
"[9, 184, 2, 7, 189, 2, 2, 189, 2, 0, 0, 0, 0, 0, 0, 28, 186, 2, 5, 182, 1, 46, 198, 2, -3, 195, 0, 43, 220, 2, -3, 216, 0, 43, 176, 2, 29, 174, 1, 57, 183, 2, 40, 181, 1, 67, 183, 2, 52, 182, 1]",2.6649931846874195
"[8, 186, 2, 7, 191, 2, 2, 191, 2, 0, 0, 0, 0, 0, 0, 28, 188, 2, 4, 183, 1, 46, 199, 2, -3, 195, 0, 43, 220, 2, -3, 216, 0, 43, 177, 2, 29, 175, 1, 57, 183, 2, 40, 181, 1, 67, 183, 2, 52, 182, 1]",2.683190908581811
"[8, 188, 2, 6, 194, 2, 2, 194, 2, 0, 0, 0, 0, 0, 0, 28, 189, 2, 4, 185, 1, 47, 199, 2, -4, 195, 0, 43, 220, 2, -3, 216, 0, 43, 178, 2, 28, 176, 1, 57, 184, 2, 40, 182, 1, 67, 183, 2, 52, 182, 1]",2.7016531214775945
"[8, 191, 2, 6, 196, 2, 2, 196, 2, 0, 0, 0, 0, 0, 0, 27, 191, 2, 4, 187, 1, 48, 199, 2, -4, 195, 0, 43, 220, 2, -3, 216, 0, 43, 179, 2, 28, 178, 1, 56, 184, 2, 40, 182, 1, 67, 183, 2, 52, 182, 1]",2.7203727658831203
"[8, 194, 2, 6, 200, 2, 1, 199, 2, 0, 0, 0, 0, 0, 0, 27, 193, 2, 4, 189, 1, 48, 199, 2, -5, 195, 0, 43, 220, 2, -3, 216, 0, 42, 180, 2, 28, 179, 1, 56, 184, 2, 40, 182, 1, 66, 183, 2, 52, 182, 1]",2.7393414151151307
"[8, 197, 2, 6, 203, 2, 1, 203, 2, 0, 0, 0, 0, 0, 0, 27, 195, 2, 3, 191, 1, 48, 200, 2, -5, 195, 0, 43, 220, 2, -3, 216, 0, 42, 182, 2, 28, 180, 1, 56, 185, 2, 40, 183, 1, 66, 183, 2, 52, 183, 1]",2.758549273298757
"[7, 200, 2, 6, 206, 2, 1, 206, 2, 0, 0, 0, 0, 0, 0, 26, 197, 2, 3, 193, 1, 48, 200, 2, -6, 195, 0, 43, 220, 2, -3, 216, 0, 42, 183, 2, 27, 182, 1, 56, 186, 2, 40, 184, 1, 66, 183, 2, 52, 183, 1]",2.777985175367521
"[7, 204, 2, 6, 209, 2, 1, 209, 2, 0, 0, 0, 0, 0, 0, 26, 200, 2, 3, 196, 1, 48, 200, 2, -6, 196, 0, 43, 220, 2, -3, 216, 0, 42, 185, 2, 27, 183, 1, 56, 186, 2, 40, 184, 1, 66, 183, 2, 52, 183, 1]",2.797636587063337
"[7, 207, 2, 6, 213, 2, 1, 213, 2, 0, 0, 0, 0, 0, 0, 26, 202, 2, 2, 198, 1, 48, 200, 2, -6, 196, 0, 43, 220, 2, -3, 216, 0, 41, 186, 2, 27, 185, 1, 56, 187, 2, 40, 185, 1, 66, 183, 2, 52, 183, 1]",2.8174896049365072
"[7, 210, 2, 6, 216, 2, 1, 216, 2, 0, 0, 0, 0, 0, 0, 25, 204, 2, 2, 200, 1, 47, 200, 2, -7, 196, 0, 43, 220, 2, -3, 216, 0, 41, 188, 2, 26, 186, 1, 56, 188, 2, 40, 186, 1, 66, 183, 2, 52, 183, 2]",2.8375289563457273
"[7, 213, 2, 6, 219, 2, 1, 219, 2, 0, 0, 0, 0, 0, 0, 25, 206, 2, 2, 203, 2, 47, 200, 2, -7, 196, 0, 43, 220, 2, -3, 216, 0, 41, 190, 2, 26, 188, 1, 55, 189, 2, 39, 187, 1, 66, 184, 2, 52, 183, 2]",2.8577379994580814
"[7, 216, 2, 6, 222, 2, 1, 222, 2, 0, 0, 0, 0, 0, 0, 25, 208, 2, 2, 205, 2, 46, 200, 2, -7, 196, 0, 43, 220, 2, -3, 216, 1, 41, 191, 2, 26, 189, 1, 55, 190, 2, 39, 188, 1, 66, 184, 2, 52, 183, 2]",2.8780987232490456
"[7, 218, 2, 6, 224, 0, 1, 224, 0, 0, 0, 0, 0, 0, 0, 25, 210, 2, 2, 207, 2, 45, 200, 2, -7, 196, 0, 43, 220, 2, -3, 216, 1, 40, 193, 2, 26, 191, 1, 55, 191, 2, 39, 189, 1, 66, 184, 2, 52, 183, 2]",2.898591747502486
"[7, 220, 2, 6, 227, 0, 1, 226, 0, 0, 0, 0, 0, 0, 0, 25, 211, 2, 1, 209, 2, 45, 200, 2, -7, 196, 0, 43, 220, 2, -3, 216, 0, 40, 194, 2, 26, 192, 1, 55, 192, 2, 39, 190, 1, 66, 184, 2, 51, 183, 2]",2.9191963228106586
"[7, 222, 2, 6, 229, 0, 1, 228, 0, 0, 0, 0, 0, 0, 0, 25, 212, 2, 1, 210, 2, 44, 200, 2, -7, 196, 0, 43, 220, 2, -3, 216, 0, 40, 195, 2, 26, 193, 1, 55, 193, 2, 39, 191, 1, 66, 184, 2, 51, 183, 2]",2.9398903305742117
"[7, 224, 0, 5, 230, 0, 1, 230, 0, 0, 0, 0, 0, 0, 0, 25, 213, 2, 1, 211, 2, 43, 200, 2, -6, 196, 0, 43, 220, 2, -3, 216, 0, 40, 196, 2, 26, 194, 1, 55, 194, 2, 38, 192, 1, 65, 184, 2, 51, 183, 2]",2.960650283002183
"[7, 225, 0, 5, 231, 0, 0, 231, 0, 0, 0, 0, 0, 0, 0, 25, 214, 2, 1, 213, 2, 43, 200, 2, -6, 196, 0, 43, 220, 2, -3, 216, 0, 40, 197, 2, 25, 195, 1, 55, 194, 2, 38, 193, 1, 66, 184, 2, 51, 183, 2]",2.981451323112001
"[6, 225, 0, 5, 232, 0, 0, 231, 0, 0, 0, 0, 0, 0, 0, 25, 214, 2, 1, 213, 2, 42, 200, 2, -5, 196, 0, 43, 220, 2, -3, 216, 0, 40, 197, 2, 25, 195, 1, 55, 195, 2, 38, 193, 1, 66, 184, 2, 50, 183, 2]",3.0022672247294855
"[6, 225, 0, 5, 232, 0, 0, 231, 0, 0, 0, 0, 0, 0, 0, 25, 214, 2, 1, 213, 2, 42, 200, 2, -4, 195, 0, 43, 220, 2, -3, 216, 0, 40, 197, 2, 25, 195, 2, 55, 195, 2, 38, 193, 1, 66, 184, 2, 50, 183, 2]",3.0230703924888456
"[6, 225, 0, 4, 231, 0, 0, 231, 0, 0, 0, 0, 0, 0, 0, 25, 214, 2, 1, 213, 2, 42, 200, 2, -4, 195, 0, 43, 220, 2, -3, 216, 0, 40, 197, 2, 26, 195, 2, 55, 195, 2, 38, 193, 1, 66, 184, 2, 50, 183, 2]",3.0438318618326825
"[6, 225, 0, 4, 231, 0, 0, 231, 0, 0, 0, 0, 0, 0, 0, 25, 214, 2, 1, 213, 2, 43, 200, 2, -4, 195, 0, 43, 220, 2, -3, 216, 0, 40, 197, 2, 26, 195, 2, 55, 195, 2, 38, 193, 1, 65, 184, 2, 50, 183, 2]",3.064521299011987
"[6, 224, 0, 4, 230, 0, 0, 230, 0, 0, 0, 0, 0, 0, 0, 25, 214, 2, 1, 213, 2, 43, 200, 2, -4, 195, 0, 43, 220, 2, -3, 216, 0, 40, 197, 2, 26, 195, 2, 55, 194, 2, 38, 193, 1, 65, 184, 2, 50, 183, 2]",3.0851075933078254
"[6, 223, 2, 4, 229, 0, 0, 229, 0, 0, 0, 0, 0, 0, 0, 25, 213, 2, 1, 212, 2, 44, 200, 2, -5, 195, 0, 43, 220, 2, -3, 216, 0, 40, 197, 2, 26, 195, 1, 55, 194, 2, 38, 193, 1, 65, 184, 2, 50, 183, 2]",3.105561225918077
"[6, 221, 2, 4, 227, 0, 0, 227, 0, 0, 0, 0, 0, 0, 0, 25, 212, 2, 1, 210, 2, 45, 199, 2, -5, 195, 0, 43, 220, 2, -3, 216, 1, 41, 196, 2, 26, 194, 1, 55, 194, 2, 38, 192, 1, 65, 184, 2, 50, 183, 2]",3.125854862179117
"[6, 219, 2, 4, 225, 0, 0, 224, 0, 0, 0, 0, 0, 0, 0, 25, 210, 2, 1, 209, 1, 46, 199, 2, -5, 195, 0, 43, 220, 2, -3, 216, 1, 41, 196, 2, 26, 194, 1, 55, 193, 2, 38, 192, 1, 65, 184, 2, 50, 183, 2]",3.1459633515658187
"[6, 216, 2, 4, 222, 2, 0, 222, 0, 0, 0, 0, 0, 0, 0, 25, 208, 2, 1, 207, 1, 46, 199, 2, -5, 195, 0, 43, 220, 2, -3, 216, 1, 41, 195, 2, 26, 193, 1, 55, 192, 2, 38, 191, 1, 65, 184, 2, 50, 183, 2]",3.165863727691552
"[6, 213, 2, 4, 219, 2, 0, 219, 0, 0, 0, 0, 0, 0, 0, 25, 207, 2, 1, 205, 1, 47, 199, 2, -5, 195, 0, 43, 220, 2, -3, 216, 1, 41, 194, 2, 26, 192, 1, 55, 192, 2, 39, 190, 1, 65, 184, 2, 51, 183, 2]",3.1855352083081847
"[6, 210, 2, 4, 216, 2, 0, 216, 0, 0, 0, 0, 0, 0, 0, 25, 205, 2, 2, 202, 1, 47, 199, 2, -5, 195, 0, 43, 220, 2, -3, 216, 0, 41, 193, 2, 26, 191, 1, 55, 191, 2, 39, 190, 1, 65, 184, 2, 51, 183, 2]",3.2049591953060808
"[6, 208, 2, 4, 213, 2, 0, 213, 0, 0, 0, 0, 0, 0, 0, 26, 203, 2, 2, 200, 1, 48, 199, 2, -5, 195, 0, 43, 220, 2, -3, 216, 0, 41, 191, 2, 27, 189, 1, 56, 190, 2, 39, 189, 1, 66, 184, 2, 51, 183, 2]",3.2241192747141016
"[6, 205, 2, 4, 210, 2, 0, 210, 0, 0, 0, 0, 0, 0, 0, 26, 201, 2, 2, 198, 1, 48, 199, 2, -6, 195, 0, 43, 220, 2, -3, 216, 0, 42, 190, 2, 27, 188, 1, 56, 189, 2, 39, 188, 1, 66, 184, 2, 51, 183, 2]",3.243001216699605
"[6, 202, 2, 4, 207, 2, 0, 207, 2, 0, 0, 0, 0, 0, 0, 26, 199, 2, 2, 196, 1, 48, 199, 2, -6, 195, 0, 43, 220, 2, -3, 216, 0, 42, 188, 2, 27, 186, 1, 56, 189, 2, 39, 187, 1, 66, 184, 2, 51, 183, 2]",3.261592975568447
"[6, 199, 2, 4, 204, 2, 0, 204, 2, 0, 0, 0, 0, 0, 0, 27, 197, 2, 2, 194, 1, 49, 199, 2, -6, 195, 0, 43, 220, 2, -3, 216, 0, 42, 187, 2, 27, 185, 1, 56, 188, 2, 39, 187, 1, 66, 184, 2, 51, 183, 1]",3.2798846897649794
"[7, 196, 2, 5, 201, 2, 0, 201, 2, 0, 0, 0, 0, 0, 0, 27, 195, 2, 3, 192, 1, 49, 199, 2, -5, 195, 0, 43, 220, 2, -3, 216, 0, 42, 185, 2, 28, 183, 1, 56, 187, 2, 40, 186, 1, 66, 183, 2, 51, 183, 1]",3.2978686818720524
"[7, 193, 2, 5, 198, 2, 0, 198, 2, 0, 0, 0, 0, 0, 0, 28, 193, 2, 3, 190, 1, 49, 199, 2, -5, 195, 0, 43, 220, 2, -3, 216, 0, 43, 184, 2, 28, 182, 1, 56, 187, 2, 40, 185, 1, 66, 183, 2, 52, 182, 1]",3.315539458611012
"[8, 191, 2, 6, 196, 2, 1, 196, 2, 0, 0, 0, 0, 0, 0, 28, 191, 2, 3, 188, 1, 49, 199, 2, -5, 195, 0, 43, 220, 2, -3, 216, 0, 43, 183, 2, 28, 181, 1, 56, 186, 2, 40, 184, 1, 66, 183, 2, 52, 182, 1]",3.3328937108417027
"[8, 188, 2, 6, 193, 2, 1, 193, 2, 0, 0, 0, 0, 0, 0, 29, 190, 2, 4, 186, 1, 48, 199, 2, -4, 195, 0, 43, 220, 2, -3, 216, 0, 43, 181, 2, 28, 179, 1, 57, 186, 2, 40, 184, 1, 66, 183, 2, 52, 182, 1]",3.3499303135624654
"[8, 186, 2, 6, 191, 2, 2, 191, 2, 0, 0, 0, 0, 0, 0, 29, 188, 2, 4, 185, 1, 48, 199, 2, -4, 195, 0, 43, 220, 2, -3, 216, 0, 43, 180, 2, 29, 178, 1, 57, 185, 2, 40, 183, 1, 66, 183, 2, 52, 182, 1]",3.3666503259101375
"[9, 184, 2, 7, 189, 2, 2, 189, 2, 0, 0, 0, 0, 0, 0, 30, 187, 2, 4, 183, 1, 47, 198, 2, -3, 195, 0, 43, 220, 2, -3, 216, 0, 43, 179, 2, 29, 177, 1, 57, 185, 2, 40, 183, 1, 66, 183, 2, 52, 182, 1]",3.3830569911600543
"[9, 182, 2, 7, 187, 2, 2, 187, 2, 0, 0, 0, 0, 0, 0, 30, 185, 2, 5, 182, 1, 47, 198, 2, -3, 195, 0, 43, 220, 2, -3, 216, 0, 44, 178, 2, 29, 176, 1, 57, 184, 2, 40, 183, 1, 66, 183, 2, 52, 182, 1]",3.3991557367260476
"[9, 180, 2, 8, 185, 2, 3, 185, 2, 0, 0, 0, 0, 0, 0, 30, 184, 2, 5, 181, 1, 46, 198, 2, -2, 195, 0, 43, 220, 2, -3, 216, 0, 44, 177, 2, 29, 175, 1, 57, 184, 2, 40, 182, 1, 67, 183, 2, 52, 182, 1]",3.4149541741604468
"[10, 179, 2, 8, 184, 2, 3, 184, 2, 0, 0, 0, 0, 0, 0, 30, 183, 2, 5, 180, 1, 45, 198, 2, -1, 195, 0, 43, 220, 2, -3, 216, 0, 44, 176, 2, 29, 175, 1, 57, 184, 2, 40, 182, 1, 67, 183, 2, 52, 182, 1]",3.4304620991540777
"[10, 178, 2, 8, 183, 2, 3, 183, 2, 0, 0, 0, 0, 0, 0, 30, 182, 2, 5, 179, 1, 44, 198, 2, -1, 195, 0, 43, 220, 2, -3, 216, 0, 44, 176, 2, 29, 174, 1, 57, 183, 2, 40, 182, 1, 67, 183, 2, 52, 182, 1]",3.4456914915362633
"[10, 177, 2, 8, 182, 2, 3, 182, 2, 0, 0, 0, 0, 0, 0, 30, 182, 2, 5, 179, 1, 43, 198, 2, 0, 195, 0, 43, 220, 2, -3, 216, 0, 44, 175, 2, 29, 173, 1, 57, 183, 2, 40, 181, 1, 67, 183, 2, 52, 182, 1]",3.4606565152748248
"[10, 176, 2, 8, 181, 2, 3, 181, 2, 0, 0, 0, 0, 0, 0, 30, 181, 2, 5, 178, 1, 43, 198, 2, 0, 196, 0, 43, 220, 2, -3, 216, 0, 44, 175, 2, 29, 173, 1, 57, 183, 2, 40, 181, 1, 67, 183, 2, 52, 182, 1]",3.475373518476079
"[10, 175, 2, 8, 180, 2, 3, 180, 2, 0, 0, 0, 0, 0, 0, 30, 181, 2, 5, 178, 1, 42, 198, 2, 0, 196, 2, 43, 220, 2, -3, 216, 0, 44, 174, 2, 29, 173, 1, 57, 183, 2, 40, 181, 1, 67, 183, 2, 52, 182, 1]",3.4898610333848405
"[10, 175, 2, 8, 180, 2, 3, 180, 2, 0, 0, 0, 0, 0, 0, 30, 181, 2, 5, 178, 1, 42, 198, 2, 0, 196, 2, 43, 220, 2, -3, 216, 0, 44, 174, 2, 29, 172, 1, 57, 183, 2, 40, 181, 1, 67, 183, 2, 52, 182, 1]",3.5041397763844206
"[10, 175, 2, 8, 180, 2, 3, 180, 2, 0, 0, 0, 0, 0, 0, 30, 181, 2, 5, 178, 1, 42, 198, 2, 0, 196, 2, 43, 220, 2, -3, 216, 0, 44, 174, 2, 29, 172, 1, 57, 183, 2, 41, 181, 1, 67, 183, 2, 52, 182, 1]",3.518232647996629
"[10, 175, 2, 8, 180, 2, 3, 180, 2, 0, 0, 0, 0, 0, 0, 30, 181, 2, 5, 178, 1, 43, 198, 2, 0, 196, 2, 43, 220, 2, -3, 216, 0, 44, 174, 2, 29, 172, 1, 57, 183, 2, 41, 181, 1, 67, 183, 2, 52, 182, 1]",3.5321647328817702
"[10, 175, 2, 8, 180, 2, 3, 180, 2, 0, 0, 0, 0, 0, 0, 30, 181, 2, 5, 178, 1, 43, 198, 2, 0, 196, 0, 43, 220, 2, -3, 216, 0, 44, 174, 2, 29, 172, 1, 57, 183, 2, 41, 181, 1, 67, 183, 2, 52, 182, 1]",3.545963299838647
"[10, 175, 2, 8, 180, 2, 3, 180, 2, 0, 0, 0, 0, 0, 0, 30, 181, 2, 5, 178, 1, 43, 198, 2, 0, 195, 0, 43, 220, 2, -3, 216, 0, 44, 174, 2, 29, 172, 1, 57, 183, 2, 41, 181, 1, 67, 183, 2, 52, 182, 1]",3.5596578018045606
"[10, 175, 2, 8, 180, 2, 3, 181, 2, 0, 0, 0, 0, 0, 0, 30, 181, 2, 5, 178, 1, 43, 198, 2, 0, 195, 0, 43, 220, 2, -3, 216, 0, 44, 174, 2, 29, 172, 1, 57, 183, 2, 41, 181, 1, 67, 183, 2, 52, 182, 1]",3.5732798758553064
"[10, 176, 2, 8, 180, 2, 4, 181, 2, 0, 0, 0, 0, 0, 0, 30, 181, 2, 5, 179, 1, 43, 198, 2, 0, 195, 0, 43, 220, 2, -3, 216, 0, 44, 174, 2, 29, 173, 1, 57, 183, 2, 41, 181, 1, 67, 183, 2, 52, 182, 1]",3.5868633432051795
"[10, 176, 2, 8, 180, 2, 4, 181, 2, 0, 0, 0, 0, 0, 0, 30, 181, 2, 5, 179, 1, 43, 198, 2, -1, 195, 0, 43, 220, 2, -3, 216, 0, 44, 174, 2, 29, 173, 1, 57, 183, 2, 41, 181, 1, 67, 183, 2, 52, 182, 1]",3.600444209206971
"[10, 176, 2, 8, 181, 2, 4, 181, 2, 0, 0, 0, 0, 0, 0, 30, 182, 2, 5, 179, 1, 44, 198, 2, -1, 195, 0, 43, 220, 2, -3, 216, 0, 44, 174, 2, 29, 173, 1, 57, 183, 2, 40, 181, 1, 67, 183, 2, 52, 182, 1]",3.6140599855668993
"[10, 176, 2, 8, 181, 2, 3, 181, 2, 0, 0, 0, 0, 0, 0, 31, 182, 2, 5, 179, 1, 44, 198, 2, -1, 195, 0, 43, 220, 2, -3, 216, 0, 44, 175, 2, 29, 173, 1, 57, 183, 2, 40, 181, 1, 67, 183, 2, 52, 182, 1]",3.6277469792043417
"[10, 177, 2, 8, 181, 2, 3, 182, 2, 0, 0, 0, 0, 0, 0, 31, 182, 2, 5, 180, 1, 45, 198, 2, -2, 195, 0, 43, 220, 2, -3, 216, 0, 44, 175, 2, 29, 174, 1, 57, 183, 2, 40, 181, 1, 67, 183, 2, 52, 182, 1]",3.6415396144667618
"[9, 178, 2, 8, 182, 2, 3, 183, 2, 0, 0, 0, 0, 0, 0, 31, 183, 2, 4, 180, 1, 45, 198, 2, -2, 195, 0, 43, 220, 2, -3, 216, 0, 43, 176, 2, 29, 174, 1, 57, 183, 2, 40, 181, 1, 67, 183, 2, 52, 182, 1]",3.6554704331297105
"[9, 179, 2, 8, 183, 2, 3, 184, 2, 0, 0, 0, 0, 0, 0, 31, 184, 2, 4, 181, 1, 46, 198, 2, -2, 195, 0, 43, 220, 2, -3, 216, 0, 43, 176, 2, 29, 175, 1, 57, 183, 2, 40, 181, 1, 67, 183, 2, 52, 182, 1]",3.6695700943968275
"[9, 180, 2, 8, 184, 2, 3, 185, 2, 0, 0, 0, 0, 0, 0, 30, 184, 2, 4, 182, 1, 46, 198, 2, -3, 195, 0, 43, 220, 2, -3, 216, 0, 43, 177, 2, 29, 175, 1, 57, 183, 2, 40, 181, 1, 67, 183, 2, 52, 182, 1]",3.68386737489984
"[9, 181, 2, 7, 185, 2, 2, 186, 2, 0, 0, 0, 0, 0, 0, 30, 185, 2, 4, 183, 1, 47, 198, 2, -3, 195, 0, 43, 220, 2, -3, 216, 0, 43, 178, 2, 28, 176, 1, 57, 184, 2, 40, 182, 1, 67, 183, 2, 52, 182, 1]",3.6983891686985624
"[8, 183, 2, 7, 187, 2, 2, 188, 2, 0, 0, 0, 0, 0, 0, 30, 186, 2, 3, 184, 1, 48, 198, 2, -3, 195, 0, 43, 220, 2, -3, 216, 0, 43, 178, 2, 28, 177, 1, 57, 184, 2, 40, 182, 1, 67, 183, 2, 52, 182, 1]",3.713160487280897
"[8, 184, 2, 7, 189, 2, 2, 189, 2, 0, 0, 0, 0, 0, 0, 30, 188, 2, 3, 186, 1, 48, 198, 2, -4, 195, 0, 43, 220, 2, -3, 216, 0, 43, 179, 2, 28, 178, 1, 56, 184, 2, 40, 182, 1, 67, 183, 2, 52, 182, 1]",3.7282044595628347
"[8, 186, 2, 6, 190, 2, 1, 191, 2, 0, 0, 0, 0, 0, 0, 30, 189, 2, 3, 187, 1, 49, 198, 2, -4, 195, 0, 43, 220, 2, -3, 216, 0, 42, 181, 2, 28, 179, 1, 56, 184, 2, 40, 182, 1, 66, 183, 2, 52, 183, 1]",3.7435423318884533
"[7, 188, 2, 6, 192, 2, 1, 193, 2, 0, 0, 0, 0, 0, 0, 30, 190, 2, 2, 188, 1, 49, 199, 2, -4, 195, 0, 43, 220, 2, -3, 216, 0, 42, 182, 2, 28, 180, 1, 56, 185, 2, 40, 183, 1, 66, 183, 2, 52, 183, 1]",3.7591934680299186
"[7, 190, 2, 5, 194, 2, 0, 195, 2, 0, 0, 0, 0, 0, 0, 29, 192, 2, 2, 190, 1, 49, 199, 2, -5, 195, 0, 43, 220, 2, -3, 216, 0, 42, 183, 2, 27, 181, 1, 56, 185, 2, 40, 184, 1, 66, 183, 2, 52, 183, 1]",3.775175349187484
"[7, 192, 2, 5, 196, 2, 0, 197, 2, 0, 0, 0, 0, 0, 0, 29, 193, 2, 2, 191, 1, 50, 199, 2, -5, 195, 0, 43, 220, 2, -3, 216, 0, 42, 184, 2, 27, 183, 1, 56, 186, 2, 40, 184, 1, 66, 183, 2, 52, 183, 1]",3.791503573989491
"[6, 194, 2, 5, 198, 2, 0, 199, 2, 0, 0, 0, 0, 0, 0, 29, 195, 2, 2, 193, 1, 50, 199, 2, -5, 195, 0, 43, 220, 2, -3, 216, 0, 41, 186, 2, 27, 184, 1, 56, 187, 2, 40, 185, 1, 66, 183, 2, 52, 183, 1]",3.80819185849237
"[6, 196, 2, 4, 200, 2, 0, 201, 0, 0, 0, 0, 0, 0, 0, 29, 196, 2, 1, 195, 1, 50, 199, 2, -5, 195, 0, 43, 220, 2, -3, 216, 0, 41, 187, 2, 27, 185, 1, 56, 188, 2, 40, 186, 1, 66, 183, 2, 52, 183, 1]",3.8252520361806357
"[6, 198, 2, 4, 202, 2, 0, 203, 0, 0, 0, 0, 0, 0, 0, 29, 198, 2, 1, 196, 1, 50, 199, 2, -5, 195, 0, 43, 220, 2, -3, 216, 0, 41, 189, 2, 26, 187, 1, 56, 189, 2, 39, 186, 1, 66, 183, 2, 52, 183, 2]",3.8426940579668947
"[5, 200, 2, 3, 204, 2, 0, 205, 0, 0, 0, 0, 0, 0, 0, 28, 199, 2, 1, 198, 1, 50, 199, 2, -5, 195, 0, 43, 220, 2, -3, 216, 0, 41, 190, 2, 26, 188, 1, 55, 189, 2, 39, 187, 1, 66, 184, 2, 52, 183, 2]",3.8605259921918385
"[5, 202, 2, 3, 206, 2, -1, 206, 0, 0, 0, 0, 0, 0, 0, 28, 200, 2, 1, 199, 1, 50, 199, 2, -5, 195, 0, 43, 220, 2, -3, 216, 0, 41, 191, 2, 26, 189, 1, 55, 190, 2, 39, 188, 1, 66, 184, 2, 52, 183, 2]",3.8787540246242473
"[5, 203, 2, 3, 207, 2, -1, 208, 0, 0, 0, 0, 0, 0, 0, 28, 202, 2, 1, 201, 1, 50, 199, 2, -5, 195, 0, 43, 220, 2, -3, 216, 0, 40, 193, 2, 26, 191, 1, 55, 191, 2, 39, 189, 1, 66, 184, 2, 52, 183, 2]",3.8973824584609895
"[5, 205, 2, 3, 209, 2, -1, 209, 0, 0, 0, 0, 0, 0, 0, 28, 203, 2, 0, 202, 1, 49, 199, 2, -4, 195, 0, 43, 220, 2, -3, 216, 0, 40, 194, 2, 26, 192, 1, 55, 192, 2, 39, 190, 1, 66, 184, 2, 51, 183, 2]",3.916413714327021
"[5, 206, 2, 2, 210, 2, -1, 211, 0, 0, 0, 0, 0, 0, 0, 28, 204, 2, 0, 203, 1, 49, 198, 2, -4, 195, 0, 43, 220, 2, -3, 216, 0, 40, 195, 2, 26, 193, 1, 55, 193, 2, 39, 191, 1, 66, 184, 2, 51, 183, 2]",3.9358483302753853
"[4, 207, 2, 2, 211, 2, -2, 212, 0, 0, 0, 0, 0, 0, 0, 28, 205, 2, 0, 205, 1, 49, 198, 2, -3, 195, 0, 43, 220, 2, -3, 216, 0, 40, 196, 1, 26, 194, 1, 55, 193, 2, 38, 192, 1, 65, 184, 2, 51, 183, 2]",3.9556849617872136
"[4, 209, 2, 2, 212, 2, -2, 213, 0, 0, 0, 0, 0, 0, 0, 27, 206, 2, 0, 206, 1, 48, 198, 2, -2, 195, 0, 43, 220, 2, -3, 216, 0, 40, 196, 1, 25, 194, 1, 55, 194, 2, 38, 192, 1, 66, 184, 2, 51, 183, 2]",3.9759203817717257
"[4, 209, 2, 2, 212, 2, -2, 213, 0, 0, 0, 0, 0, 0, 0, 27, 206, 2, 0, 206, 1, 48, 198, 2, -2, 195, 0, 43, 220, 2, -3, 216, 0, 40, 197, 1, 25, 195, 1, 55, 195, 2, 38, 193, 1, 66, 184, 2, 50, 183, 2]",3.996549480566227
"[4, 210, 2, 1, 213, 2, -3, 213, 0, 0, 0, 0, 0, 0, 0, 27, 206, 2, 0, 207, 1, 48, 198, 2, -1, 195, 0, 43, 220, 2, -3, 216, 0, 40, 197, 1, 25, 195, 2, 55, 195, 2, 38, 193, 1, 66, 184, 2, 50, 183, 2]",4.017565265936113
"[4, 210, 2, 1, 213, 2, -3, 213, 0, 0, 0, 0, 0, 0, 0, 27, 206, 2, 0, 207, 1, 48, 198, 2, -1, 195, 0, 43, 220, 2, -3, 216, 0, 40, 197, 1, 26, 195, 2, 55, 195, 2, 38, 193, 1, 66, 184, 2, 50, 183, 2]",4.038958863074867
"[4, 209, 2, 1, 212, 2, -3, 213, 0, 0, 0, 0, 0, 0, 0, 27, 206, 2, 0, 207, 1, 48, 198, 2, -1, 195, 0, 43, 220, 2, -3, 216, 0, 40, 197, 1, 26, 195, 2, 55, 195, 2, 38, 193, 1, 65, 184, 2, 50, 183, 2]",4.060719514604058
"[4, 209, 2, 1, 212, 2, -3, 213, 0, 0, 0, 0, 0, 0, 0, 28, 206, 2, 0, 206, 1, 48, 198, 2, -1, 195, 0, 43, 220, 2, -3, 216, 0, 40, 197, 1, 26, 195, 2, 55, 194, 2, 38, 193, 1, 65, 184, 2, 50, 183, 2]",4.082834580573343
"[4, 208, 2, 2, 211, 2, -2, 212, 0, 0, 0, 0, 0, 0, 0, 28, 205, 2, 0, 205, 1, 48, 198, 2, -2, 195, 0, 43, 220, 2, -3, 216, 0, 40, 197, 1, 26, 195, 1, 55, 194, 2, 38, 193, 1, 65, 184, 2, 50, 183, 2]",4.10528953846047
"[4, 206, 2, 2, 209, 2, -2, 210, 0, 0, 0, 0, 0, 0, 0, 28, 204, 2, 1, 204, 1, 49, 198, 2, -2, 195, 1, 43, 220, 2, -3, 216, 0, 41, 196, 1, 26, 194, 1, 55, 194, 2, 38, 192, 1, 65, 184, 2, 50, 183, 2]",4.128067983171271
"[5, 204, 2, 2, 207, 2, -2, 208, 0, 0, 0, 0, 0, 0, 0, 28, 203, 2, 1, 203, 1, 49, 198, 2, -3, 195, 1, 43, 220, 2, -3, 216, 0, 41, 196, 1, 26, 193, 1, 55, 193, 2, 38, 192, 1, 65, 184, 2, 50, 183, 2]",4.151151627039668
"[5, 202, 2, 3, 205, 2, -1, 206, 0, 0, 0, 0, 0, 0, 0, 28, 201, 2, 1, 201, 1, 49, 199, 2, -3, 195, 1, 43, 220, 2, -3, 216, 0, 41, 194, 1, 26, 192, 1, 55, 192, 2, 38, 191, 1, 65, 184, 2, 51, 183, 2]",4.17452029982767
"[5, 199, 2, 3, 202, 2, -1, 203, 0, 0, 0, 0, 0, 0, 0, 29, 199, 2, 1, 199, 1, 50, 199, 2, -3, 195, 1, 43, 220, 2, -3, 216, 0, 41, 193, 1, 26, 191, 1, 55, 191, 2, 39, 190, 1, 65, 184, 2, 51, 183, 2]",4.198152374812616
"[6, 197, 2, 4, 200, 2, 0, 201, 0, 0, 0, 0, 0, 0, 0, 29, 197, 2, 1, 196, 1, 50, 199, 2, -4, 195, 1, 43, 220, 2, -3, 216, 0, 41, 191, 2, 27, 189, 1, 56, 190, 2, 39, 189, 1, 66, 184, 2, 51, 183, 2]",4.222026473136147
"[6, 194, 2, 4, 197, 2, 0, 198, 0, 0, 0, 0, 0, 0, 0, 29, 196, 2, 2, 194, 1, 50, 199, 2, -4, 195, 0, 43, 220, 2, -3, 216, 0, 42, 190, 2, 27, 188, 1, 56, 189, 2, 39, 188, 1, 66, 184, 2, 51, 183, 2]",4.246121889891448
"[6, 192, 2, 4, 195, 2, 0, 196, 2, 0, 0, 0, 0, 0, 0, 29, 194, 2, 2, 192, 1, 50, 199, 2, -5, 195, 0, 43, 220, 2, -3, 216, 0, 42, 188, 2, 27, 186, 1, 56, 188, 2, 39, 187, 1, 66, 184, 2, 51, 183, 2]",4.270418594123247
"[7, 188, 2, 5, 192, 2, 0, 193, 2, 0, 0, 0, 0, 0, 0, 30, 192, 2, 2, 189, 1, 49, 199, 2, -5, 195, 0, 43, 220, 2, -3, 216, 0, 42, 186, 2, 28, 184, 1, 56, 188, 2, 40, 186, 1, 66, 183, 2, 51, 183, 1]",4.294897228827816
"[8, 185, 2, 6, 189, 2, 1, 190, 2, 0, 0, 0, 0, 0, 0, 30, 189, 2, 3, 187, 1, 49, 199, 2, -4, 195, 0, 43, 220, 2, -3, 216, 0, 43, 184, 2, 28, 182, 1, 56, 187, 2, 40, 185, 1, 66, 183, 2, 52, 182, 1]",4.319539110952973
"[8, 182, 2, 6, 186, 2, 2, 187, 2, 0, 0, 0, 0, 0, 0, 31, 187, 2, 3, 185, 1, 48, 198, 2, -4, 195, 0, 43, 220, 2, -3, 216, 0, 43, 182, 2, 28, 180, 1, 56, 186, 2, 40, 184, 1, 66, 183, 2, 52, 182, 1]",4.344326231398077
"[9, 180, 2, 7, 184, 2, 2, 184, 2, 0, 0, 0, 0, 0, 0, 31, 185, 2, 4, 183, 1, 48, 198, 2, -3, 195, 0, 43, 220, 2, -3, 216, 0, 43, 180, 2, 29, 178, 1, 57, 185, 2, 40, 183, 1, 66, 183, 2, 52, 182, 1]",4.369241255014033
"[9, 178, 2, 8, 181, 2, 3, 182, 2, 0, 0, 0, 0, 0, 0, 31, 184, 2, 4, 182, 1, 46, 198, 2, -2, 195, 0, 43, 220, 2, -3, 216, 0, 43, 178, 2, 29, 176, 1, 57, 184, 2, 40, 183, 1, 66, 183, 2, 52, 182, 1]",4.394267520603289
"[10, 176, 2, 8, 180, 2, 4, 181, 2, 0, 0, 0, 0, 0, 0, 32, 182, 2, 5, 180, 1, 45, 198, 2, -1, 195, 0, 43, 220, 2, -3, 216, 0, 44, 177, 2, 29, 175, 1, 57, 184, 2, 40, 182, 1, 67, 183, 2, 52, 182, 1]",4.419389040919836
"[10, 174, 2, 9, 178, 2, 4, 179, 2, 0, 0, 0, 0, 0, 0, 32, 181, 2, 5, 179, 1, 44, 198, 2, 0, 195, 0, 43, 220, 2, -3, 216, 0, 44, 176, 2, 29, 174, 1, 57, 184, 2, 40, 182, 1, 67, 183, 2, 52, 182, 1]",4.444590502669212
"[10, 173, 2, 9, 178, 2, 4, 179, 2, 0, 0, 0, 0, 0, 0, 32, 180, 2, 5, 178, 1, 42, 198, 2, 0, 196, 2, 43, 220, 2, -3, 216, 0, 44, 175, 2, 29, 173, 1, 57, 183, 2, 40, 181, 1, 67, 183, 2, 52, 182, 1]",4.4698572665084955
"[10, 173, 2, 9, 177, 2, 4, 178, 2, 0, 0, 0, 0, 0, 0, 31, 180, 2, 5, 178, 1, 42, 198, 2, 0, 196, 2, 43, 220, 2, -3, 216, 0, 44, 174, 2, 29, 173, 1, 57, 183, 2, 40, 181, 1, 67, 183, 2, 52, 182, 1]",4.495175367046311
"[10, 173, 2, 9, 177, 2, 4, 178, 2, 0, 0, 0, 0, 0, 0, 31, 180, 2, 5, 178, 1, 42, 198, 2, 0, 196, 2, 43, 220, 2, -3, 216, 0, 44, 174, 2, 29, 172, 1, 57, 183, 2, 41, 181, 1, 67, 183, 2, 52, 182, 1]",4.520531512842826
"[10, 173, 2, 9, 177, 2, 4, 178, 2, 0, 0, 0, 0, 0, 0, 31, 180, 2, 5, 178, 1, 42, 198, 2, 0, 196, 2, 43, 220, 2, -3, 216, 0, 44, 174, 2, 29, 172, 1, 57, 183, 2, 41, 181, 1, 67, 183, 2, 52, 182, 1]",4.545913086409753
"[10, 173, 2, 9, 177, 2, 4, 178, 2, 0, 0, 0, 0, 0, 0, 31, 181, 2, 5, 178, 1, 43, 198, 2, 0, 196, 0, 43, 220, 2, -3, 216, 0, 44, 174, 2, 29, 172, 1, 57, 183, 2, 41, 181, 1, 67, 183, 2, 52, 182, 1]",4.571308144210346
"[10, 174, 2, 9, 178, 2, 4, 179, 2, 0, 0, 0, 0, 0, 0, 31, 181, 2, 5, 179, 1, 43, 198, 2, 0, 195, 0, 43, 220, 2, -3, 216, 0, 44, 174, 2, 29, 173, 1, 57, 183, 2, 41, 181, 1, 67, 183, 2, 52, 182, 1]",4.596705416659405
"[10, 174, 2, 9, 178, 2, 4, 179, 2, 0, 0, 0, 0, 0, 0, 31, 181, 2, 5, 179, 1, 43, 198, 2, -1, 195, 0, 43, 220, 2, -3, 216, 0, 44, 175, 2, 29, 173, 1, 57, 183, 2, 40, 181, 1, 67, 183, 2, 52, 182, 1]",4.622094308123275
"[9, 175, 2, 8, 179, 2, 4, 180, 2, 0, 0, 0, 0, 0, 0, 31, 182, 2, 4, 180, 1, 44, 198, 2, -1, 195, 0, 43, 220, 2, -3, 216, 0, 43, 175, 2, 29, 174, 1, 57, 183, 2, 40, 181, 1, 67, 183, 2, 52, 182, 1]",4.647464896919842
"[9, 177, 2, 8, 181, 2, 3, 182, 2, 0, 0, 0, 0, 0, 0, 31, 183, 2, 4, 181, 1, 46, 198, 2, -2, 195, 0, 43, 220, 2, -3, 216, 0, 43, 176, 2, 29, 175, 1, 57, 183, 2, 40, 181, 1, 67, 183, 2, 52, 182, 1]",4.672807935318538
"[9, 179, 2, 7, 183, 2, 3, 184, 2, 0, 0, 0, 0, 0, 0, 31, 185, 2, 4, 183, 1, 47, 198, 2, -3, 195, 0, 43, 220, 2, -3, 216, 0, 43, 178, 2, 28, 176, 1, 57, 184, 2, 40, 182, 1, 67, 183, 2, 52, 182, 1]",4.698114849540337
"[8, 182, 2, 7, 185, 2, 2, 187, 2, 0, 0, 0, 0, 0, 0, 30, 187, 2, 3, 185, 1, 48, 198, 2, -4, 195, 0, 43, 220, 2, -3, 216, 0, 43, 179, 2, 28, 178, 1, 56, 184, 2, 40, 182, 1, 67, 183, 2, 52, 182, 1]",4.723377739757759
"[8, 185, 2, 6, 188, 2, 1, 190, 2, 0, 0, 0, 0, 0, 0, 30, 189, 2, 3, 187, 1, 49, 198, 2, -4, 195, 0, 43, 220, 2, -3, 216, 0, 42, 181, 2, 28, 179, 1, 56, 185, 2, 40, 183, 1, 66, 183, 2, 52, 183, 1]",4.7485893800948675
"[7, 188, 2, 5, 192, 2, 1, 193, 2, 0, 0, 0, 0, 0, 0, 30, 191, 2, 2, 189, 1, 49, 199, 2, -4, 195, 0, 43, 220, 2, -3, 216, 0, 42, 183, 2, 27, 181, 1, 56, 185, 2, 40, 184, 1, 66, 183, 2, 52, 183, 1]",4.773743218627269
"[6, 191, 2, 5, 195, 2, 0, 196, 2, 0, 0, 0, 0, 0, 0, 29, 193, 2, 2, 191, 1, 50, 199, 2, -5, 195, 0, 43, 220, 2, -3, 216, 0, 42, 185, 2, 27, 183, 1, 56, 186, 2, 40, 184, 1, 66, 183, 2, 52, 183, 1]",4.798833377382115
"[6, 194, 2, 4, 198, 2, 0, 199, 0, 0, 0, 0, 0, 0, 0, 29, 196, 2, 1, 194, 1, 50, 199, 2, -5, 195, 0, 43, 220, 2, -3, 216, 0, 41, 187, 2, 27, 185, 1, 56, 187, 2, 40, 185, 1, 66, 183, 2, 52, 183, 1]",4.823854652338099
"[6, 197, 2, 4, 201, 2, 0, 202, 0, 0, 0, 0, 0, 0, 0, 29, 198, 2, 1, 196, 1, 50, 199, 2, -5, 195, 1, 43, 220, 2, -3, 216, 0, 41, 189, 2, 26, 187, 1, 56, 189, 2, 39, 186, 1, 66, 184, 2, 52, 183, 2]",4.848802513425461
"[5, 200, 2, 3, 203, 2, -1, 204, 0, 0, 0, 0, 0, 0, 0, 28, 200, 2, 1, 198, 1, 50, 199, 2, -5, 195, 1, 43, 220, 2, -3, 216, 0, 41, 191, 2, 26, 189, 1, 55, 190, 2, 39, 187, 1, 66, 184, 2, 52, 183, 2]",4.873673104525984
"[5, 202, 2, 3, 205, 2, -1, 206, 0, 0, 0, 0, 0, 0, 0, 28, 201, 2, 0, 200, 1, 50, 199, 2, -4, 195, 1, 43, 220, 2, -3, 216, 0, 40, 193, 2, 26, 191, 1, 55, 191, 2, 39, 189, 1, 66, 184, 2, 52, 183, 2]",4.8984632434729924
"[5, 204, 2, 3, 207, 2, -1, 208, 0, 0, 0, 0, 0, 0, 0, 28, 203, 2, 0, 202, 1, 49, 198, 2, -4, 195, 1, 43, 220, 2, -3, 216, 0, 40, 194, 2, 26, 192, 1, 55, 192, 2, 39, 190, 1, 66, 184, 2, 51, 183, 2]",4.923170422051359
"[4, 205, 2, 2, 208, 2, -1, 210, 0, 0, 0, 0, 0, 0, 0, 28, 204, 2, 0, 203, 1, 49, 198, 2, -3, 195, 1, 43, 220, 2, -3, 216, 0, 40, 195, 1, 26, 193, 1, 55, 193, 2, 39, 191, 1, 65, 184, 2, 51, 183, 2]",4.947792805997497
"[4, 207, 2, 2, 210, 2, -2, 211, 0, 0, 0, 0, 0, 0, 0, 28, 205, 2, 0, 204, 1, 48, 198, 2, -2, 195, 0, 43, 220, 2, -3, 216, 0, 40, 196, 1, 25, 194, 1, 55, 194, 2, 38, 192, 1, 66, 184, 2, 51, 183, 2]",4.972329234999366
"[4, 208, 2, 2, 210, 2, -2, 212, 0, 0, 0, 0, 0, 0, 0, 28, 206, 2, 0, 205, 1, 48, 198, 2, -1, 195, 0, 43, 220, 2, -3, 216, 0, 40, 197, 1, 25, 195, 1, 55, 195, 2, 38, 193, 1, 66, 184, 2, 50, 183, 2]",4.996779131002891
"[4, 208, 2, 1, 210, 2, -2, 212, 0, 0, 0, 0, 0, 0, 0, 28, 206, 2, 0, 206, 1, 48, 198, 2, 0, 195, 0, 43, 220, 2, -3, 216, 0, 40, 197, 1, 25, 195, 1, 55, 195, 2, 38, 193, 1, 66, 184, 2, 50, 183, 2]",5.021142131437665
"[4, 208, 2, 1, 210, 2, -2, 211, 0, 0, 0, 0, 0, 0, 0, 28, 206, 2, 0, 206, 1, 48, 198, 2, 0, 195, 1, 43, 220, 2, -3, 216, 0, 40, 197, 1, 26, 195, 1, 55, 195, 2, 38, 193, 1, 66, 184, 2, 50, 183, 2]",5.04541799752337
"[4, 207, 2, 1, 210, 2, -2, 211, 0, 0, 0, 0, 0, 0, 0, 28, 206, 2, 0, 205, 1, 48, 198, 2, 0, 195, 1, 43, 220, 2, -3, 216, 0, 40, 197, 1, 26, 195, 1, 55, 195, 2, 38, 193, 1, 65, 184, 2, 50, 183, 2]",5.069606614269776
"[4, 206, 2, 2, 209, 2, -2, 210, 0, 0, 0, 0, 0, 0, 0, 28, 205, 2, 0, 205, 1, 48, 198, 2, -1, 195, 1, 43, 220, 2, -3, 216, 0, 40, 197, 1, 26, 195, 1, 55, 194, 2, 38, 193, 1, 65, 184, 2, 50, 183, 2]",5.093707990476746
"[4, 205, 2, 2, 207, 2, -2, 209, 0, 0, 0, 0, 0, 0, 0, 28, 204, 2, 0, 203, 1, 49, 198, 2, -1, 195, 1, 43, 220, 2, -3, 216, 0, 40, 197, 1, 26, 194, 1, 55, 194, 2, 38, 192, 1, 65, 184, 2, 50, 183, 2]",5.11772225873423
"[4, 203, 2, 2, 205, 2, -1, 207, 0, 0, 0, 0, 0, 0, 0, 28, 203, 2, 1, 202, 1, 49, 198, 2, -2, 195, 1, 43, 220, 2, -3, 216, 0, 41, 196, 1, 26, 194, 1, 55, 193, 2, 38, 192, 1, 65, 184, 2, 50, 183, 2]",5.141649675422269
"[5, 200, 2, 3, 203, 2, -1, 204, 0, 0, 0, 0, 0, 0, 0, 29, 201, 2, 1, 200, 1, 50, 199, 2, -2, 195, 1, 43, 220, 2, -3, 216, 0, 41, 195, 1, 26, 193, 1, 55, 192, 2, 38, 191, 1, 65, 184, 2, 50, 183, 2]",5.165490620710995
"[5, 198, 2, 3, 200, 2, 0, 202, 0, 0, 0, 0, 0, 0, 0, 29, 199, 2, 1, 198, 1, 50, 199, 2, -3, 195, 1, 43, 220, 2, -3, 216, 0, 41, 194, 1, 26, 192, 1, 55, 192, 2, 39, 190, 1, 65, 184, 2, 51, 183, 2]",5.189245598560625
"[6, 195, 2, 4, 198, 2, 0, 199, 0, 0, 0, 0, 0, 0, 0, 29, 197, 2, 1, 196, 1, 50, 199, 2, -3, 195, 1, 43, 220, 2, -3, 216, 0, 41, 192, 2, 27, 190, 1, 56, 191, 2, 39, 189, 1, 65, 184, 2, 51, 183, 2]",5.2129152367214715
"[6, 193, 2, 4, 195, 2, 0, 197, 0, 0, 0, 0, 0, 0, 0, 29, 196, 2, 1, 193, 1, 50, 199, 2, -3, 195, 0, 43, 220, 2, -3, 216, 0, 41, 190, 2, 27, 188, 1, 56, 190, 2, 39, 188, 1, 66, 184, 2, 51, 183, 2]",5.236500286733934
"[6, 190, 2, 4, 193, 2, 0, 195, 2, 0, 0, 0, 0, 0, 0, 30, 194, 2, 2, 191, 1, 50, 199, 2, -4, 195, 0, 43, 220, 2, -3, 216, 0, 42, 189, 2, 27, 187, 1, 56, 189, 2, 39, 187, 1, 66, 184, 2, 51, 183, 2]",5.2600016239285
"[6, 188, 2, 5, 190, 2, 0, 192, 2, 0, 0, 0, 0, 0, 0, 30, 192, 2, 2, 189, 1, 49, 199, 2, -4, 195, 0, 43, 220, 2, -3, 216, 0, 42, 187, 2, 28, 185, 1, 56, 188, 2, 40, 186, 1, 66, 184, 2, 51, 183, 1]",5.283420247425751
"[7, 185, 2, 6, 188, 2, 1, 189, 2, 0, 0, 0, 0, 0, 0, 30, 190, 2, 2, 187, 1, 49, 199, 2, -4, 195, 0, 43, 220, 2, -3, 216, 0, 42, 185, 2, 28, 183, 1, 56, 187, 2, 40, 185, 1, 66, 183, 2, 51, 183, 1]",5.306757280136354
"[8, 182, 2, 6, 185, 2, 1, 187, 2, 0, 0, 0, 0, 0, 0, 31, 188, 2, 3, 185, 1, 49, 198, 2, -4, 195, 0, 43, 220, 2, -3, 216, 0, 43, 183, 2, 28, 181, 1, 56, 186, 2, 40, 185, 1, 66, 183, 2, 52, 182, 1]",5.33001396876107
"[8, 179, 2, 7, 183, 2, 2, 184, 2, 0, 0, 0, 0, 0, 0, 31, 186, 2, 3, 183, 1, 48, 198, 2, -3, 195, 0, 43, 220, 2, -3, 216, 0, 43, 181, 2, 28, 179, 1, 57, 186, 2, 40, 184, 1, 66, 183, 2, 52, 182, 1]",5.353191683790746
"[8, 177, 2, 7, 181, 2, 2, 182, 2, 0, 0, 0, 0, 0, 0, 31, 184, 2, 4, 182, 1, 47, 198, 2, -2, 195, 0, 43, 220, 2, -3, 216, 0, 43, 179, 2, 29, 178, 1, 57, 185, 2, 40, 183, 1, 66, 183, 2, 52, 182, 1]",5.376291919506319
"[9, 175, 2, 8, 179, 2, 3, 181, 2, 0, 0, 0, 0, 0, 0, 31, 183, 2, 4, 180, 1, 46, 198, 2, -2, 195, 0, 43, 220, 2, -3, 216, 0, 44, 178, 2, 29, 176, 1, 57, 184, 2, 40, 182, 1, 66, 183, 2, 52, 182, 1]",5.399316293978819
"[9, 174, 2, 8, 178, 2, 3, 179, 2, 0, 0, 0, 0, 0, 0, 32, 181, 2, 4, 179, 1, 44, 198, 2, -1, 195, 0, 43, 220, 2, -3, 216, 0, 44, 177, 2, 29, 175, 1, 57, 184, 2, 40, 182, 1, 67, 183, 2, 52, 182, 1]",5.422266549069363
"[9, 173, 2, 8, 177, 2, 4, 179, 2, 0, 0, 0, 0, 0, 0, 32, 181, 2, 5, 178, 1, 43, 198, 2, 0, 196, 0, 43, 220, 2, -3, 216, 0, 44, 176, 2, 29, 174, 1, 57, 183, 2, 40, 182, 1, 67, 183, 2, 52, 182, 1]",5.445144550429157
"[9, 172, 2, 8, 176, 2, 4, 178, 2, 0, 0, 0, 0, 0, 0, 31, 180, 2, 5, 178, 1, 42, 198, 2, 0, 196, 2, 43, 220, 2, -3, 216, 0, 44, 175, 2, 29, 173, 1, 57, 183, 2, 40, 181, 1, 67, 183, 2, 52, 182, 1]",5.467952287499501
"[9, 172, 2, 8, 176, 2, 4, 178, 2, 0, 0, 0, 0, 0, 0, 31, 180, 2, 5, 177, 1, 41, 198, 2, 0, 196, 2, 43, 220, 2, -3, 216, 0, 44, 174, 2, 29, 173, 1, 57, 183, 2, 40, 181, 1, 67, 183, 2, 52, 182, 1]",5.490691873511779
"[9, 172, 2, 8, 176, 2, 4, 178, 2, 0, 0, 0, 0, 0, 0, 31, 180, 2, 5, 177, 1, 41, 198, 2, 0, 196, 2, 43, 220, 2, -3, 216, 0, 44, 174, 2, 29, 172, 1, 57, 183, 2, 40, 181, 1, 67, 183, 2, 52, 182, 1]",5.513365545487469
"[9, 172, 2, 8, 176, 2, 4, 178, 2, 0, 0, 0, 0, 0, 0, 31, 180, 2, 5, 177, 1, 41, 198, 2, 0, 196, 2, 43, 220, 2, -3, 216, 0, 44, 174, 2, 29, 172, 1, 57, 183, 2, 41, 181, 1, 67, 183, 2, 52, 182, 1]",5.535975664238138
"[9, 172, 2, 8, 176, 2, 3, 178, 2, 0, 0, 0, 0, 0, 0, 31, 180, 2, 5, 177, 1, 42, 198, 2, 0, 196, 2, 43, 220, 2, -3, 216, 0, 44, 174, 2, 29, 172, 1, 57, 183, 2, 41, 181, 1, 67, 183, 2, 52, 182, 1]",5.55852471436544
"[9, 172, 2, 8, 176, 2, 3, 178, 2, 0, 0, 0, 0, 0, 0, 31, 180, 2, 4, 178, 1, 42, 198, 2, 0, 196, 0, 43, 220, 2, -3, 216, 0, 44, 174, 2, 29, 172, 1, 57, 183, 2, 41, 181, 1, 67, 183, 2, 52, 182, 1]",5.581015304261124
"[9, 172, 2, 8, 176, 2, 3, 178, 2, 0, 0, 0, 0, 0, 0, 30, 181, 2, 4, 178, 1, 42, 198, 2, 0, 195, 0, 43, 220, 2, -3, 216, 0, 44, 174, 2, 29, 173, 1, 57, 183, 2, 41, 181, 1, 67, 183, 2, 52, 182, 1]",5.603450166107021
"[9, 173, 2, 8, 177, 2, 3, 178, 2, 0, 0, 0, 0, 0, 0, 30, 181, 2, 4, 178, 1, 43, 198, 2, 0, 195, 0, 43, 220, 2, -3, 216, 0, 44, 175, 2, 29, 173, 1, 57, 183, 2, 40, 181, 1, 67, 183, 2, 52, 182, 1]",5.62583215587506
"[8, 173, 2, 8, 177, 2, 3, 179, 2, 0, 0, 0, 0, 0, 0, 30, 182, 2, 4, 179, 1, 44, 198, 2, -1, 195, 0, 43, 220, 2, -3, 216, 0, 43, 175, 2, 29, 174, 1, 57, 183, 2, 40, 181, 1, 67, 183, 2, 52, 182, 1]",5.648164253327256
"[8, 175, 2, 7, 178, 2, 3, 180, 2, 0, 0, 0, 0, 0, 0, 30, 183, 2, 4, 180, 1, 45, 198, 2, -2, 195, 0, 43, 220, 2, -3, 216, 0, 43, 176, 2, 29, 175, 1, 57, 183, 2, 40, 181, 1, 67, 183, 2, 52, 182, 1]",5.670449562015712
"[8, 177, 2, 7, 180, 2, 2, 182, 2, 0, 0, 0, 0, 0, 0, 30, 184, 2, 3, 181, 1, 46, 198, 2, -2, 195, 0, 43, 220, 2, -3, 216, 0, 43, 177, 2, 29, 176, 1, 57, 183, 2, 40, 182, 1, 67, 183, 2, 52, 182, 1]",5.6926913092826235
"[8, 179, 2, 6, 182, 2, 2, 184, 2, 0, 0, 0, 0, 0, 0, 30, 186, 2, 3, 183, 1, 47, 198, 2, -3, 195, 0, 43, 220, 2, -3, 216, 0, 43, 179, 2, 28, 177, 1, 57, 184, 2, 40, 182, 1, 67, 183, 2, 52, 182, 1]",5.714892846260275
"[7, 181, 2, 6, 185, 2, 1, 186, 2, 0, 0, 0, 0, 0, 0, 29, 188, 2, 2, 184, 1, 48, 198, 2, -3, 195, 0, 43, 220, 2, -3, 216, 0, 42, 180, 2, 28, 179, 1, 56, 184, 2, 40, 182, 1, 67, 183, 2, 52, 182, 1]",5.737057610835449
"[7, 184, 2, 5, 187, 2, 0, 189, 2, 0, 0, 0, 0, 0, 0, 29, 190, 2, 2, 186, 1, 49, 198, 2, -4, 195, 0, 43, 220, 2, -3, 216, 0, 42, 182, 2, 28, 180, 1, 56, 185, 2, 40, 183, 1, 66, 183, 2, 52, 183, 1]",5.759188979507056
"[6, 187, 2, 5, 190, 2, 0, 192, 2, 0, 0, 0, 0, 0, 0, 29, 192, 2, 1, 188, 1, 49, 199, 2, -4, 195, 0, 43, 220, 2, -3, 216, 0, 42, 184, 2, 27, 182, 1, 56, 186, 2, 40, 184, 1, 66, 183, 2, 52, 183, 1]",5.78129023035055
"[6, 190, 2, 4, 193, 2, 0, 195, 0, 0, 0, 0, 0, 0, 0, 28, 195, 2, 1, 190, 1, 49, 199, 2, -4, 195, 0, 43, 220, 2, -3, 216, 0, 41, 185, 2, 27, 184, 1, 56, 187, 2, 40, 185, 1, 66, 183, 2, 52, 183, 1]",5.803364543017917
"[6, 193, 2, 4, 196, 2, 0, 197, 0, 0, 0, 0, 0, 0, 0, 28, 197, 2, 1, 192, 1, 49, 199, 2, -4, 195, 0, 43, 220, 2, -3, 216, 0, 41, 187, 2, 27, 185, 1, 56, 188, 2, 40, 186, 1, 66, 183, 2, 52, 183, 1]",5.825414998737686
"[5, 196, 2, 3, 199, 2, 0, 200, 0, 0, 0, 0, 0, 0, 0, 28, 199, 2, 0, 194, 1, 49, 199, 2, -4, 195, 1, 43, 220, 2, -3, 216, 0, 41, 189, 2, 26, 187, 1, 56, 189, 2, 39, 186, 1, 66, 183, 2, 52, 183, 2]",5.847444580314921
"[5, 198, 2, 3, 201, 2, -1, 203, 0, 0, 0, 0, 0, 0, 0, 27, 201, 2, 0, 196, 1, 49, 199, 2, -4, 195, 1, 43, 220, 2, -3, 216, 0, 41, 191, 2, 26, 189, 1, 55, 190, 2, 39, 187, 1, 66, 184, 2, 52, 183, 2]",5.86945617213123
"[5, 201, 2, 3, 204, 2, -1, 205, 0, 0, 0, 0, 0, 0, 0, 27, 203, 2, 0, 198, 1, 49, 199, 2, -4, 195, 1, 43, 220, 2, -3, 216, 0, 41, 192, 2, 26, 190, 1, 55, 191, 2, 39, 188, 1, 66, 184, 2, 52, 183, 2]",5.891452560144751
"[5, 203, 2, 3, 206, 2, -1, 207, 0, 0, 0, 0, 0, 0, 0, 27, 205, 2, 0, 200, 1, 49, 199, 2, -4, 195, 1, 43, 220, 2, -3, 216, 0, 40, 194, 2, 26, 192, 2, 55, 192, 2, 39, 190, 1, 66, 184, 2, 51, 183, 2]",5.913436431890169
"[4, 205, 2, 3, 208, 2, -1, 209, 0, 0, 0, 0, 0, 0, 0, 27, 206, 2, 0, 202, 1, 48, 198, 2, -4, 195, 1, 43, 220, 2, -3, 216, 0, 40, 195, 2, 26, 193, 2, 55, 193, 2, 39, 191, 1, 66, 184, 2, 51, 183, 2]",5.9354103764787
"[4, 207, 2, 2, 210, 2, -2, 211, 0, 0, 0, 0, 0, 0, 0, 26, 207, 2, 0, 203, 1, 47, 198, 2, -3, 195, 0, 43, 220, 2, -3, 216, 0, 40, 196, 2, 26, 194, 2, 55, 194, 2, 38, 192, 1, 65, 184, 2, 51, 183, 2]",5.957376884598103
"[4, 208, 2, 2, 211, 2, -2, 212, 0, 0, 0, 0, 0, 0, 0, 26, 208, 2, 0, 204, 1, 47, 198, 2, -2, 195, 0, 43, 220, 2, -3, 216, 0, 40, 197, 1, 25, 195, 2, 55, 194, 2, 38, 193, 1, 66, 184, 2, 51, 183, 2]",5.979338348512675
"[4, 209, 2, 2, 212, 2, -2, 213, 0, 0, 0, 0, 0, 0, 0, 26, 209, 2, 0, 205, 1, 46, 198, 2, -2, 195, 0, 43, 220, 2, -3, 216, 0, 40, 197, 1, 25, 195, 2, 55, 195, 2, 38, 193, 1, 66, 184, 2, 50, 183, 2]",6.001297062063247
"[4, 210, 2, 2, 213, 2, -2, 214, 0, 0, 0, 0, 0, 0, 0, 26, 209, 2, 0, 206, 1, 46, 198, 2, -1, 195, 0, 43, 220, 2, -3, 216, 0, 40, 197, 1, 25, 195, 2, 55, 195, 2, 38, 193, 1, 66, 184, 2, 50, 183, 2]",6.0232552206671945
"[4, 211, 2, 2, 213, 2, -2, 215, 0, 0, 0, 0, 0, 0, 0, 26, 210, 2, 0, 206, 1, 46, 198, 2, -1, 195, 0, 43, 220, 2, -3, 216, 1, 40, 197, 1, 26, 195, 2, 55, 195, 2, 38, 193, 1, 66, 184, 2, 50, 183, 2]",6.045214921318427
"[4, 211, 2, 1, 214, 2, -2, 215, 0, 0, 0, 0, 0, 0, 0, 26, 210, 2, 0, 206, 1, 46, 198, 2, -1, 195, 0, 43, 220, 2, -3, 216, 1, 40, 197, 1, 26, 195, 2, 55, 195, 2, 38, 193, 1, 65, 184, 2, 50, 183, 2]",6.067178162587396
"[4, 210, 2, 1, 213, 2, -2, 214, 0, 0, 0, 0, 0, 0, 0, 26, 209, 2, 0, 206, 1, 46, 198, 2, -2, 195, 0, 43, 220, 2, -3, 216, 1, 40, 197, 1, 26, 195, 2, 55, 194, 2, 38, 193, 1, 65, 184, 2, 50, 183, 2]",6.089146844621088
"[4, 210, 2, 2, 213, 2, -2, 214, 0, 0, 0, 0, 0, 0, 0, 26, 209, 2, 0, 205, 1, 46, 198, 2, -2, 195, 0, 43, 220, 2, -3, 216, 0, 40, 197, 1, 26, 195, 2, 55, 194, 2, 38, 192, 1, 65, 184, 2, 50, 183, 2]",6.111122769143028
"[4, 208, 2, 2, 211, 2, -2, 213, 0, 0, 0, 0, 0, 0, 0, 26, 208, 2, 0, 204, 1, 47, 199, 2, -3, 195, 0, 43, 220, 2, -3, 216, 0, 41, 196, 2, 26, 194, 2, 55, 193, 2, 38, 192, 1, 65, 184, 2, 50, 183, 2]",6.133107639453283
"[4, 206, 2, 2, 210, 2, -2, 211, 0, 0, 0, 0, 0, 0, 0, 26, 207, 2, 0, 202, 1, 47, 199, 2, -3, 195, 0, 43, 220, 2, -3, 216, 0, 41, 195, 2, 26, 193, 1, 55, 193, 2, 38, 191, 1, 65, 184, 2, 50, 183, 2]",6.155103060428452
"[4, 204, 2, 2, 207, 2, -2, 209, 0, 0, 0, 0, 0, 0, 0, 26, 205, 2, 0, 201, 1, 47, 199, 2, -3, 195, 1, 43, 220, 2, -3, 216, 0, 41, 194, 2, 26, 192, 1, 55, 192, 2, 39, 191, 1, 65, 184, 2, 51, 183, 2]",6.17711053852168
"[4, 202, 2, 3, 205, 2, -1, 206, 0, 0, 0, 0, 0, 0, 0, 26, 204, 2, 0, 199, 1, 48, 199, 2, -4, 195, 1, 43, 220, 2, -3, 216, 0, 41, 193, 2, 26, 191, 1, 55, 191, 2, 39, 190, 1, 65, 184, 2, 51, 183, 2]",6.1991314817626435
"[5, 200, 2, 3, 203, 2, -1, 204, 0, 0, 0, 0, 0, 0, 0, 26, 202, 2, 1, 197, 1, 48, 199, 2, -4, 195, 1, 43, 220, 2, -3, 216, 0, 41, 192, 2, 27, 190, 1, 56, 190, 2, 39, 189, 1, 66, 184, 2, 51, 183, 2]",6.221167199757562
"[5, 197, 2, 3, 200, 2, -1, 202, 0, 0, 0, 0, 0, 0, 0, 26, 200, 2, 1, 195, 1, 48, 199, 2, -4, 195, 1, 43, 220, 2, -3, 216, 0, 42, 190, 2, 27, 188, 1, 56, 189, 2, 39, 188, 1, 66, 184, 2, 51, 183, 2]",6.243218903689192
"[5, 195, 2, 3, 198, 2, -1, 199, 0, 0, 0, 0, 0, 0, 0, 26, 198, 2, 1, 193, 1, 48, 199, 2, -5, 195, 1, 43, 220, 2, -3, 216, 0, 42, 188, 2, 27, 186, 1, 56, 189, 2, 39, 187, 1, 66, 184, 2, 51, 183, 2]",6.265287706316826
"[5, 192, 2, 3, 195, 2, 0, 196, 0, 0, 0, 0, 0, 0, 0, 27, 196, 2, 2, 190, 1, 48, 199, 2, -5, 195, 0, 43, 220, 2, -3, 216, 0, 42, 186, 2, 28, 184, 1, 56, 188, 2, 40, 186, 1, 66, 183, 2, 51, 183, 1]",6.287374621976299
"[6, 189, 2, 4, 192, 2, 0, 193, 0, 0, 0, 0, 0, 0, 0, 27, 194, 2, 2, 188, 1, 48, 199, 2, -5, 195, 0, 43, 220, 2, -3, 216, 0, 42, 185, 2, 28, 183, 1, 56, 187, 2, 40, 185, 1, 66, 183, 2, 51, 183, 1]",6.30948056657998
"[6, 186, 2, 5, 189, 2, 0, 190, 2, 0, 0, 0, 0, 0, 0, 28, 191, 2, 3, 186, 1, 48, 199, 2, -4, 195, 0, 43, 220, 2, -3, 216, 0, 43, 183, 2, 28, 181, 1, 56, 186, 2, 40, 184, 1, 66, 183, 2, 52, 182, 1]",6.331606357616781
"[7, 183, 2, 5, 187, 2, 0, 188, 2, 0, 0, 0, 0, 0, 0, 28, 189, 2, 3, 184, 1, 47, 199, 2, -4, 195, 0, 43, 220, 2, -3, 216, 0, 43, 181, 2, 28, 179, 1, 57, 186, 2, 40, 184, 1, 66, 183, 2, 52, 182, 1]",6.35375271415215
"[7, 181, 2, 6, 184, 2, 1, 185, 2, 0, 0, 0, 0, 0, 0, 28, 188, 2, 3, 183, 1, 47, 198, 2, -3, 195, 0, 43, 220, 2, -3, 216, 0, 43, 179, 2, 29, 178, 1, 57, 185, 2, 40, 183, 1, 66, 183, 2, 52, 182, 1]",6.375920256828072
"[8, 179, 2, 6, 182, 2, 2, 183, 2, 0, 0, 0, 0, 0, 0, 29, 186, 2, 4, 181, 1, 46, 198, 2, -3, 195, 0, 43, 220, 2, -3, 216, 0, 43, 178, 2, 29, 176, 1, 57, 184, 2, 40, 183, 1, 66, 183, 2, 52, 182, 1]",6.398109507863072
"[8, 177, 2, 7, 180, 2, 2, 181, 2, 0, 0, 0, 0, 0, 0, 29, 184, 2, 4, 180, 1, 45, 198, 2, -2, 195, 0, 43, 220, 2, -3, 216, 0, 44, 177, 2, 29, 175, 1, 57, 184, 2, 40, 182, 1, 67, 183, 2, 52, 182, 1]",6.420320891052213
"[9, 175, 2, 7, 179, 2, 2, 180, 2, 0, 0, 0, 0, 0, 0, 29, 183, 2, 4, 179, 1, 44, 198, 2, -1, 195, 0, 43, 220, 2, -3, 216, 0, 44, 176, 2, 29, 174, 1, 57, 184, 2, 40, 182, 1, 67, 183, 2, 52, 182, 1]",6.442554727689383
"[9, 174, 2, 7, 178, 2, 3, 179, 2, 0, 0, 0, 0, 0, 0, 29, 182, 2, 4, 178, 1, 43, 198, 2, 0, 195, 0, 43, 220, 2, -3, 216, 0, 44, 175, 2, 29, 173, 1, 57, 183, 2, 40, 181, 1, 67, 183, 2, 52, 182, 1]",6.4648112202564345
"[9, 173, 2, 7, 177, 2, 3, 178, 2, 0, 0, 0, 0, 0, 0, 29, 182, 2, 4, 178, 1, 42, 198, 2, 0, 196, 2, 43, 220, 2, -3, 216, 0, 44, 174, 2, 29, 173, 1, 57, 183, 2, 40, 181, 1, 67, 183, 2, 52, 182, 1]",6.487090448345476
"[9, 173, 2, 7, 177, 2, 3, 178, 2, 0, 0, 0, 0, 0, 0, 29, 182, 2, 4, 177, 1, 42, 198, 2, 0, 196, 2, 43, 220, 2, -3, 216, 0, 44, 174, 2, 29, 172, 1, 57, 183, 2, 40, 181, 1, 67, 183, 2, 52, 182, 1]",6.509392368658866
"[9, 173, 2, 7, 177, 2, 3, 178, 2, 0, 0, 0, 0, 0, 0, 29, 182, 2, 4, 178, 1, 42, 198, 2, 0, 195, 0, 43, 220, 2, -3, 216, 0, 44, 174, 2, 29, 172, 1, 57, 183, 2, 41, 181, 1, 67, 183, 2, 52, 182, 1]",6.531716815009219
"[9, 174, 2, 7, 177, 2, 3, 178, 2, 0, 0, 0, 0, 0, 0, 29, 182, 2, 4, 178, 1, 43, 198, 2, 0, 195, 0, 43, 220, 2, -3, 216, 0, 44, 174, 2, 29, 172, 1, 57, 183, 2, 41, 181, 1, 67, 183, 2, 52, 182, 1]",6.554063498319398
"[9, 174, 2, 8, 178, 2, 3, 179, 2, 0, 0, 0, 0, 0, 0, 29, 182, 2, 4, 178, 1, 43, 198, 2, 0, 195, 0, 43, 220, 2, -3, 216, 0, 44, 174, 2, 29, 172, 1, 57, 183, 2, 41, 181, 1, 67, 183, 2, 52, 182, 1]",6.576432006622523
"[9, 174, 2, 8, 178, 2, 3, 179, 2, 0, 0, 0, 0, 0, 0, 29, 182, 2, 4, 178, 1, 43, 198, 2, -1, 195, 0, 43, 220, 2, -3, 216, 0, 44, 174, 2, 29, 173, 1, 57, 183, 2, 41, 181, 1, 67, 183, 2, 52, 182, 1]",6.598821805061963
"[9, 175, 2, 8, 179, 2, 3, 180, 2, 0, 0, 0, 0, 0, 0, 29, 183, 2, 4, 179, 1, 44, 198, 2, -1, 195, 0, 43, 220, 2, -3, 216, 0, 44, 175, 2, 29, 173, 1, 57, 183, 2, 40, 181, 1, 67, 183, 2, 52, 182, 1]",6.621232235891344
"[9, 176, 2, 7, 180, 2, 3, 181, 2, 0, 0, 0, 0, 0, 0, 29, 183, 2, 4, 180, 1, 44, 198, 2, -2, 195, 0, 43, 220, 2, -3, 216, 0, 44, 175, 2, 29, 174, 1, 57, 183, 2, 40, 181, 1, 67, 183, 2, 52, 182, 1]",6.64366251847454
"[8, 178, 2, 7, 182, 2, 2, 183, 2, 0, 0, 0, 0, 0, 0, 29, 185, 2, 4, 181, 1, 45, 198, 2, -2, 195, 0, 43, 220, 2, -3, 216, 0, 43, 176, 2, 29, 175, 1, 57, 183, 2, 40, 181, 1, 67, 183, 2, 52, 182, 1]",6.666111749285682
"[8, 180, 2, 7, 184, 2, 2, 185, 2, 0, 0, 0, 0, 0, 0, 29, 186, 2, 4, 182, 1, 46, 198, 2, -3, 195, 0, 43, 220, 2, -3, 216, 0, 43, 177, 2, 29, 176, 1, 57, 183, 2, 40, 182, 1, 67, 183, 2, 52, 182, 1]",6.688578901909152
"[8, 183, 2, 6, 187, 2, 2, 188, 2, 0, 0, 0, 0, 0, 0, 29, 188, 2, 3, 184, 1, 47, 198, 2, -4, 195, 0, 43, 220, 2, -3, 216, 0, 43, 178, 2, 28, 177, 1, 57, 184, 2, 40, 182, 1, 67, 183, 2, 52, 182, 1]",6.711062827039585
"[7, 186, 2, 6, 190, 2, 1, 191, 2, 0, 0, 0, 0, 0, 0, 29, 190, 2, 3, 186, 1, 48, 199, 2, -4, 195, 0, 43, 220, 2, -3, 216, 0, 42, 180, 2, 28, 178, 1, 56, 184, 2, 40, 182, 1, 67, 183, 2, 52, 182, 1]",6.733562252481868
"[7, 189, 2, 5, 193, 2, 1, 194, 2, 0, 0, 0, 0, 0, 0, 28, 192, 2, 2, 188, 1, 49, 199, 2, -5, 195, 0, 43, 220, 2, -3, 216, 0, 42, 182, 2, 28, 180, 1, 56, 185, 2, 40, 183, 1, 66, 183, 2, 52, 183, 1]",6.756075783151143
"[6, 192, 2, 5, 196, 2, 0, 197, 2, 0, 0, 0, 0, 0, 0, 28, 194, 2, 2, 191, 1, 49, 199, 2, -5, 195, 0, 43, 220, 2, -3, 216, 0, 42, 183, 2, 27, 182, 1, 56, 186, 2, 40, 184, 1, 66, 183, 2, 52, 183, 1]",6.778601901072801
"[6, 195, 2, 4, 199, 2, 0, 200, 2, 0, 0, 0, 0, 0, 0, 28, 196, 2, 1, 193, 1, 49, 199, 2, -5, 195, 0, 43, 220, 2, -3, 216, 0, 41, 185, 2, 27, 184, 1, 56, 186, 2, 40, 185, 1, 66, 183, 2, 52, 183, 1]",6.801138965382489
"[6, 198, 2, 4, 202, 2, 0, 203, 0, 0, 0, 0, 0, 0, 0, 28, 198, 2, 1, 195, 1, 49, 199, 2, -5, 195, 0, 43, 220, 2, -3, 216, 0, 41, 187, 2, 27, 185, 1, 56, 187, 2, 40, 185, 1, 66, 183, 2, 52, 183, 1]",6.823685212326106
"[5, 201, 2, 4, 205, 2, 0, 206, 0, 0, 0, 0, 0, 0, 0, 27, 200, 2, 1, 197, 1, 49, 199, 2, -5, 195, 0, 43, 220, 2, -3, 216, 0, 41, 189, 2, 26, 187, 1, 56, 189, 2, 39, 186, 1, 66, 183, 2, 52, 183, 2]",6.846238755259804
"[5, 203, 2, 3, 208, 2, -1, 208, 0, 0, 0, 0, 0, 0, 0, 27, 202, 2, 1, 199, 1, 49, 199, 2, -5, 195, 0, 43, 220, 2, -3, 216, 0, 41, 191, 2, 26, 189, 1, 55, 190, 2, 39, 187, 1, 66, 184, 2, 52, 183, 2]",6.868797584649985
"[5, 206, 2, 3, 210, 2, -1, 210, 0, 0, 0, 0, 0, 0, 0, 27, 203, 2, 0, 201, 1, 49, 199, 2, -5, 195, 0, 43, 220, 2, -3, 216, 0, 41, 192, 2, 26, 190, 1, 55, 191, 2, 39, 188, 1, 66, 184, 2, 52, 183, 2]",6.89135956807331
"[5, 207, 2, 3, 212, 2, -1, 212, 0, 0, 0, 0, 0, 0, 0, 27, 205, 2, 0, 203, 1, 49, 199, 2, -5, 195, 0, 43, 220, 2, -3, 216, 0, 40, 194, 2, 26, 192, 1, 55, 192, 2, 39, 190, 1, 66, 184, 2, 51, 183, 2]",6.913922450216687
"[5, 209, 2, 2, 213, 2, -1, 214, 0, 0, 0, 0, 0, 0, 0, 27, 206, 2, 0, 204, 1, 48, 198, 2, -4, 195, 0, 43, 220, 2, -3, 216, 0, 40, 195, 2, 26, 193, 1, 55, 193, 2, 39, 191, 1, 66, 184, 2, 51, 183, 2]",6.936483852877279
"[4, 210, 2, 2, 215, 2, -2, 215, 0, 0, 0, 0, 0, 0, 0, 27, 207, 2, 0, 205, 1, 48, 198, 2, -4, 195, 0, 43, 220, 2, -3, 216, 1, 40, 196, 2, 26, 194, 1, 55, 194, 2, 38, 192, 1, 65, 184, 2, 51, 183, 2]",6.959041274962501
"[4, 211, 2, 2, 215, 2, -2, 216, 0, 0, 0, 0, 0, 0, 0, 27, 207, 2, 0, 206, 1, 47, 198, 2, -3, 195, 0, 43, 220, 2, -3, 216, 1, 40, 197, 1, 25, 195, 2, 55, 194, 2, 38, 193, 1, 66, 184, 2, 51, 183, 2]",6.981592092490022
